町丁名,出現回数,総年度数,H10-04,H11-04,H12-04,H13-04,H14-04,H15-04,H16-04,H17-04,H18-04,H19-04,H20-04,H21-04,H22-04,H23-04,H24-04,H25-04,H26-04,H27-04,H28-04,H29-04,H30-04,H31-04,R02-04,R03-04,R04-04,R05-04,R06-04,R07-04
万楽寺町,28,28,✓,✓,✓,✓,✓,✓,✓,✓,✓,✓,✓,✓,✓,✓,✓,✓,✓,✓,✓,✓,✓,✓,✓,✓,✓,✓,✓,✓
上ノ郷町,12,28,✓,✓,✓,✓,✓,✓,✓,✓,✓,✓,✓,✓,✗,✗,✗,✗,✗,✗,✗,✗,✗,✗,✗,✗,✗,✗,✗,✗
上京塚町,28,28,✓,✓,✓,✓,✓,✓,✓,✓,✓,✓,✓,✓,✓,✓,✓,✓,✓,✓,✓,✓,✓,✓,✓,✓,✓,✓,✓,✓
上南部町,28,28,✓,✓,✓,✓,✓,✓,✓,✓,✓,✓,✓,✓,✓,✓,✓,✓,✓,✓,✓,✓,✓,✓,✓,✓,✓,✓,✓,✓
上松尾町,11,28,✗,✗,✗,✗,✗,✗,✗,✗,✗,✗,✗,✗,✗,✗,✗,✗,✗,✓,✓,✓,✓,✓,✓,✓,✓,✓,✓,✓
上林町,28,28,✓,✓,✓,✓,✓,✓,✓,✓,✓,✓,✓,✓,✓,✓,✓,✓,✓,✓,✓,✓,✓,✓,✓,✓,✓,✓,✓,✓
上通町,28,28,✓,✓,✓,✓,✓,✓,✓,✓,✓,✓,✓,✓,✓,✓,✓,✓,✓,✓,✓,✓,✓,✓,✓,✓,✓,✓,✓,✓
上鍛冶屋町,28,28,✓,✓,✓,✓,✓,✓,✓,✓,✓,✓,✓,✓,✓,✓,✓,✓,✓,✓,✓,✓,✓,✓,✓,✓,✓,✓,✓,✓
上高橋町,11,28,✓,✓,✓,✓,✓,✓,✓,✓,✓,✓,✓,✗,✗,✗,✗,✗,✗,✗,✗,✗,✗,✗,✗,✗,✗,✗,✗,✗
下南部町,13,28,✓,✓,✓,✓,✓,✓,✓,✓,✓,✓,✓,✓,✓,✗,✗,✗,✗,✗,✗,✗,✗,✗,✗,✗,✗,✗,✗,✗
下硯川町,28,28,✓,✓,✓,✓,✓,✓,✓,✓,✓,✓,✓,✓,✓,✓,✓,✓,✓,✓,✓,✓,✓,✓,✓,✓,✓,✓,✓,✓
世安町,28,28,✓,✓,✓,✓,✓,✓,✓,✓,✓,✓,✓,✓,✓,✓,✓,✓,✓,✓,✓,✓,✓,✓,✓,✓,✓,✓,✓,✓
並建町,28,28,✓,✓,✓,✓,✓,✓,✓,✓,✓,✓,✓,✓,✓,✓,✓,✓,✓,✓,✓,✓,✓,✓,✓,✓,✓,✓,✓,✓
中原町,28,28,✓,✓,✓,✓,✓,✓,✓,✓,✓,✓,✓,✓,✓,✓,✓,✓,✓,✓,✓,✓,✓,✓,✓,✓,✓,✓,✓,✓
中央街,28,28,✓,✓,✓,✓,✓,✓,✓,✓,✓,✓,✓,✓,✓,✓,✓,✓,✓,✓,✓,✓,✓,✓,✓,✓,✓,✓,✓,✓
中島町,28,28,✓,✓,✓,✓,✓,✓,✓,✓,✓,✓,✓,✓,✓,✓,✓,✓,✓,✓,✓,✓,✓,✓,✓,✓,✓,✓,✓,✓
中松尾町,11,28,✗,✗,✗,✗,✗,✗,✗,✗,✗,✗,✗,✗,✗,✗,✗,✗,✗,✓,✓,✓,✓,✓,✓,✓,✓,✓,✓,✓
中江町,28,28,✓,✓,✓,✓,✓,✓,✓,✓,✓,✓,✓,✓,✓,✓,✓,✓,✓,✓,✓,✓,✓,✓,✓,✓,✓,✓,✓,✓
中無田町,28,28,✓,✓,✓,✓,✓,✓,✓,✓,✓,✓,✓,✓,✓,✓,✓,✓,✓,✓,✓,✓,✓,✓,✓,✓,✓,✓,✓,✓
乗越ヶ丘,28,28,✓,✓,✓,✓,✓,✓,✓,✓,✓,✓,✓,✓,✓,✓,✓,✓,✓,✓,✓,✓,✓,✓,✓,✓,✓,✓,✓,✓
二の丸,28,28,✓,✓,✓,✓,✓,✓,✓,✓,✓,✓,✓,✓,✓,✓,✓,✓,✓,✓,✓,✓,✓,✓,✓,✓,✓,✓,✓,✓
井川淵町,28,28,✓,✓,✓,✓,✓,✓,✓,✓,✓,✓,✓,✓,✓,✓,✓,✓,✓,✓,✓,✓,✓,✓,✓,✓,✓,✓,✓,✓
京塚本町,28,28,✓,✓,✓,✓,✓,✓,✓,✓,✓,✓,✓,✓,✓,✓,✓,✓,✓,✓,✓,✓,✓,✓,✓,✓,✓,✓,✓,✓
京町本丁,15,28,✓,✓,✓,✓,✓,✓,✓,✓,✓,✓,✓,✓,✓,✓,✓,✗,✗,✗,✗,✗,✗,✗,✗,✗,✗,✗,✗,✗
今町,28,28,✓,✓,✓,✓,✓,✓,✓,✓,✓,✓,✓,✓,✓,✓,✓,✓,✓,✓,✓,✓,✓,✓,✓,✓,✓,✓,✓,✓
会富町,28,28,✓,✓,✓,✓,✓,✓,✓,✓,✓,✓,✓,✓,✓,✓,✓,✓,✓,✓,✓,✓,✓,✓,✓,✓,✓,✓,✓,✓
保田窪本町,28,28,✓,✓,✓,✓,✓,✓,✓,✓,✓,✓,✓,✓,✓,✓,✓,✓,✓,✓,✓,✓,✓,✓,✓,✓,✓,✓,✓,✓
健軍本町,28,28,✓,✓,✓,✓,✓,✓,✓,✓,✓,✓,✓,✓,✓,✓,✓,✓,✓,✓,✓,✓,✓,✓,✓,✓,✓,✓,✓,✓
健軍町,14,28,✓,✓,✓,✓,✓,✓,✓,✓,✓,✓,✓,✓,✓,✓,✗,✗,✗,✗,✗,✗,✗,✗,✗,✗,✗,✗,✗,✗
元三町,28,28,✓,✓,✓,✓,✓,✓,✓,✓,✓,✓,✓,✓,✓,✓,✓,✓,✓,✓,✓,✓,✓,✓,✓,✓,✓,✓,✓,✓
八分字町,28,28,✓,✓,✓,✓,✓,✓,✓,✓,✓,✓,✓,✓,✓,✓,✓,✓,✓,✓,✓,✓,✓,✓,✓,✓,✓,✓,✓,✓
八島町,28,28,✓,✓,✓,✓,✓,✓,✓,✓,✓,✓,✓,✓,✓,✓,✓,✓,✓,✓,✓,✓,✓,✓,✓,✓,✓,✓,✓,✓
八幡町,14,28,✓,✓,✓,✓,✓,✓,✓,✓,✓,✓,✓,✓,✓,✓,✗,✗,✗,✗,✗,✗,✗,✗,✗,✗,✗,✗,✗,✗
八王寺町,15,28,✓,✓,✓,✓,✓,✓,✓,✓,✓,✓,✓,✓,✓,✓,✓,✗,✗,✗,✗,✗,✗,✗,✗,✗,✗,✗,✗,✗
内坪井町,28,28,✓,✓,✓,✓,✓,✓,✓,✓,✓,✓,✓,✓,✓,✓,✓,✓,✓,✓,✓,✓,✓,✓,✓,✓,✓,✓,✓,✓
内田町,28,28,✓,✓,✓,✓,✓,✓,✓,✓,✓,✓,✓,✓,✓,✓,✓,✓,✓,✓,✓,✓,✓,✓,✓,✓,✓,✓,✓,✓
出町,28,28,✓,✓,✓,✓,✓,✓,✓,✓,✓,✓,✓,✓,✓,✓,✓,✓,✓,✓,✓,✓,✓,✓,✓,✓,✓,✓,✓,✓
刈草町,10,28,✓,✓,✓,✓,✓,✓,✓,✓,✓,✓,✗,✗,✗,✗,✗,✗,✗,✗,✗,✗,✗,✗,✗,✗,✗,✗,✗,✗
北千反畑町,28,28,✓,✓,✓,✓,✓,✓,✓,✓,✓,✓,✓,✓,✓,✓,✓,✓,✓,✓,✓,✓,✓,✓,✓,✓,✓,✓,✓,✓
北迫町,28,28,✓,✓,✓,✓,✓,✓,✓,✓,✓,✓,✓,✓,✓,✓,✓,✓,✓,✓,✓,✓,✓,✓,✓,✓,✓,✓,✓,✓
十禅寺町,24,28,✓,✓,✓,✓,✓,✓,✓,✓,✓,✓,✓,✓,✓,✓,✓,✓,✓,✓,✓,✓,✓,✓,✓,✓,✗,✗,✗,✗
千葉城町,28,28,✓,✓,✓,✓,✓,✓,✓,✓,✓,✓,✓,✓,✓,✓,✓,✓,✓,✓,✓,✓,✓,✓,✓,✓,✓,✓,✓,✓
南千反畑町,28,28,✓,✓,✓,✓,✓,✓,✓,✓,✓,✓,✓,✓,✓,✓,✓,✓,✓,✓,✓,✓,✓,✓,✓,✓,✓,✓,✓,✓
南坪井町,28,28,✓,✓,✓,✓,✓,✓,✓,✓,✓,✓,✓,✓,✓,✓,✓,✓,✓,✓,✓,✓,✓,✓,✓,✓,✓,✓,✓,✓
南町,28,28,✓,✓,✓,✓,✓,✓,✓,✓,✓,✓,✓,✓,✓,✓,✓,✓,✓,✓,✓,✓,✓,✓,✓,✓,✓,✓,✓,✓
南高江町,28,28,✓,✓,✓,✓,✓,✓,✓,✓,✓,✓,✓,✓,✓,✓,✓,✓,✓,✓,✓,✓,✓,✓,✓,✓,✓,✓,✓,✓
古京町,28,28,✓,✓,✓,✓,✓,✓,✓,✓,✓,✓,✓,✓,✓,✓,✓,✓,✓,✓,✓,✓,✓,✓,✓,✓,✓,✓,✓,✓
古城町,28,28,✓,✓,✓,✓,✓,✓,✓,✓,✓,✓,✓,✓,✓,✓,✓,✓,✓,✓,✓,✓,✓,✓,✓,✓,✓,✓,✓,✓
古大工町,28,28,✓,✓,✓,✓,✓,✓,✓,✓,✓,✓,✓,✓,✓,✓,✓,✓,✓,✓,✓,✓,✓,✓,✓,✓,✓,✓,✓,✓
古川町,28,28,✓,✓,✓,✓,✓,✓,✓,✓,✓,✓,✓,✓,✓,✓,✓,✓,✓,✓,✓,✓,✓,✓,✓,✓,✓,✓,✓,✓
古桶屋町,28,28,✓,✓,✓,✓,✓,✓,✓,✓,✓,✓,✓,✓,✓,✓,✓,✓,✓,✓,✓,✓,✓,✓,✓,✓,✓,✓,✓,✓
合志町,12,28,✓,✓,✓,✓,✓,✓,✓,✓,✓,✓,✓,✓,✗,✗,✗,✗,✗,✗,✗,✗,✗,✗,✗,✗,✗,✗,✗,✗
吉原町,28,28,✓,✓,✓,✓,✓,✓,✓,✓,✓,✓,✓,✓,✓,✓,✓,✓,✓,✓,✓,✓,✓,✓,✓,✓,✓,✓,✓,✓
和泉町,28,28,✓,✓,✓,✓,✓,✓,✓,✓,✓,✓,✓,✓,✓,✓,✓,✓,✓,✓,✓,✓,✓,✓,✓,✓,✓,✓,✓,✓
四方寄町,28,28,✓,✓,✓,✓,✓,✓,✓,✓,✓,✓,✓,✓,✓,✓,✓,✓,✓,✓,✓,✓,✓,✓,✓,✓,✓,✓,✓,✓
国府本町,28,28,✓,✓,✓,✓,✓,✓,✓,✓,✓,✓,✓,✓,✓,✓,✓,✓,✓,✓,✓,✓,✓,✓,✓,✓,✓,✓,✓,✓
土河原町,28,28,✓,✓,✓,✓,✓,✓,✓,✓,✓,✓,✓,✓,✓,✓,✓,✓,✓,✓,✓,✓,✓,✓,✓,✓,✓,✓,✓,✓
城南町下宮地,16,28,✗,✗,✗,✗,✗,✗,✗,✗,✗,✗,✗,✗,✓,✓,✓,✓,✓,✓,✓,✓,✓,✓,✓,✓,✓,✓,✓,✓
城南町丹生宮,16,28,✗,✗,✗,✗,✗,✗,✗,✗,✗,✗,✗,✗,✓,✓,✓,✓,✓,✓,✓,✓,✓,✓,✓,✓,✓,✓,✓,✓
城南町今吉野,16,28,✗,✗,✗,✗,✗,✗,✗,✗,✗,✗,✗,✗,✓,✓,✓,✓,✓,✓,✓,✓,✓,✓,✓,✓,✓,✓,✓,✓
城南町六田,16,28,✗,✗,✗,✗,✗,✗,✗,✗,✗,✗,✗,✗,✓,✓,✓,✓,✓,✓,✓,✓,✓,✓,✓,✓,✓,✓,✓,✓
城南町出水,16,28,✗,✗,✗,✗,✗,✗,✗,✗,✗,✗,✗,✗,✓,✓,✓,✓,✓,✓,✓,✓,✓,✓,✓,✓,✓,✓,✓,✓
城南町千町,16,28,✗,✗,✗,✗,✗,✗,✗,✗,✗,✗,✗,✗,✓,✓,✓,✓,✓,✓,✓,✓,✓,✓,✓,✓,✓,✓,✓,✓
城南町坂野,16,28,✗,✗,✗,✗,✗,✗,✗,✗,✗,✗,✗,✗,✓,✓,✓,✓,✓,✓,✓,✓,✓,✓,✓,✓,✓,✓,✓,✓
城南町塚原,16,28,✗,✗,✗,✗,✗,✗,✗,✗,✗,✗,✗,✗,✓,✓,✓,✓,✓,✓,✓,✓,✓,✓,✓,✓,✓,✓,✓,✓
城南町宮地,16,28,✗,✗,✗,✗,✗,✗,✗,✗,✗,✗,✗,✗,✓,✓,✓,✓,✓,✓,✓,✓,✓,✓,✓,✓,✓,✓,✓,✓
城南町島田,16,28,✗,✗,✗,✗,✗,✗,✗,✗,✗,✗,✗,✗,✓,✓,✓,✓,✓,✓,✓,✓,✓,✓,✓,✓,✓,✓,✓,✓
城南町東阿高,16,28,✗,✗,✗,✗,✗,✗,✗,✗,✗,✗,✗,✗,✓,✓,✓,✓,✓,✓,✓,✓,✓,✓,✓,✓,✓,✓,✓,✓
城南町永,16,28,✗,✗,✗,✗,✗,✗,✗,✗,✗,✗,✗,✗,✓,✓,✓,✓,✓,✓,✓,✓,✓,✓,✓,✓,✓,✓,✓,✓
城南町沈目,16,28,✗,✗,✗,✗,✗,✗,✗,✗,✗,✗,✗,✗,✓,✓,✓,✓,✓,✓,✓,✓,✓,✓,✓,✓,✓,✓,✓,✓
城南町碇,16,28,✗,✗,✗,✗,✗,✗,✗,✗,✗,✗,✗,✗,✓,✓,✓,✓,✓,✓,✓,✓,✓,✓,✓,✓,✓,✓,✓,✓
城南町築地,16,28,✗,✗,✗,✗,✗,✗,✗,✗,✗,✗,✗,✗,✓,✓,✓,✓,✓,✓,✓,✓,✓,✓,✓,✓,✓,✓,✓,✓
城南町舞原,16,28,✗,✗,✗,✗,✗,✗,✗,✗,✗,✗,✗,✗,✓,✓,✓,✓,✓,✓,✓,✓,✓,✓,✓,✓,✓,✓,✓,✓
城南町藤山,16,28,✗,✗,✗,✗,✗,✗,✗,✗,✗,✗,✗,✗,✓,✓,✓,✓,✓,✓,✓,✓,✓,✓,✓,✓,✓,✓,✓,✓
城南町赤見,16,28,✗,✗,✗,✗,✗,✗,✗,✗,✗,✗,✗,✗,✓,✓,✓,✓,✓,✓,✓,✓,✓,✓,✓,✓,✓,✓,✓,✓
城南町阿高,16,28,✗,✗,✗,✗,✗,✗,✗,✗,✗,✗,✗,✗,✓,✓,✓,✓,✓,✓,✓,✓,✓,✓,✓,✓,✓,✓,✓,✓
城南町陳内,16,28,✗,✗,✗,✗,✗,✗,✗,✗,✗,✗,✗,✗,✓,✓,✓,✓,✓,✓,✓,✓,✓,✓,✓,✓,✓,✓,✓,✓
城南町隈庄,16,28,✗,✗,✗,✗,✗,✗,✗,✗,✗,✗,✗,✗,✓,✓,✓,✓,✓,✓,✓,✓,✓,✓,✓,✓,✓,✓,✓,✓
城南町高,16,28,✗,✗,✗,✗,✗,✗,✗,✗,✗,✗,✗,✗,✓,✓,✓,✓,✓,✓,✓,✓,✓,✓,✓,✓,✓,✓,✓,✓
城南町鰐瀬,16,28,✗,✗,✗,✗,✗,✗,✗,✗,✗,✗,✗,✗,✓,✓,✓,✓,✓,✓,✓,✓,✓,✓,✓,✓,✓,✓,✓,✓
城山上代町,28,28,✓,✓,✓,✓,✓,✓,✓,✓,✓,✓,✓,✓,✓,✓,✓,✓,✓,✓,✓,✓,✓,✓,✓,✓,✓,✓,✓,✓
城山下代町,11,28,✓,✓,✓,✓,✓,✓,✓,✓,✓,✓,✓,✗,✗,✗,✗,✗,✗,✗,✗,✗,✗,✗,✗,✗,✗,✗,✗,✗
城山半田町,9,28,✓,✓,✓,✓,✓,✓,✓,✓,✓,✗,✗,✗,✗,✗,✗,✗,✗,✗,✗,✗,✗,✗,✗,✗,✗,✗,✗,✗
城山大塘町,14,28,✓,✓,✓,✓,✓,✓,✓,✓,✓,✓,✓,✓,✓,✓,✗,✗,✗,✗,✗,✗,✗,✗,✗,✗,✗,✗,✗,✗
城山薬師町,9,28,✓,✓,✓,✓,✓,✓,✓,✓,✓,✗,✗,✗,✗,✗,✗,✗,✗,✗,✗,✗,✗,✗,✗,✗,✗,✗,✗,✗
城東町,28,28,✓,✓,✓,✓,✓,✓,✓,✓,✓,✓,✓,✓,✓,✓,✓,✓,✓,✓,✓,✓,✓,✓,✓,✓,✓,✓,✓,✓
大江本町,28,28,✓,✓,✓,✓,✓,✓,✓,✓,✓,✓,✓,✓,✓,✓,✓,✓,✓,✓,✓,✓,✓,✓,✓,✓,✓,✓,✓,✓
大江町大字渡鹿,14,28,✓,✓,✓,✓,✓,✓,✓,✓,✓,✓,✓,✓,✓,✓,✗,✗,✗,✗,✗,✗,✗,✗,✗,✗,✗,✗,✗,✗
大鳥居町,28,28,✓,✓,✓,✓,✓,✓,✓,✓,✓,✓,✓,✓,✓,✓,✓,✓,✓,✓,✓,✓,✓,✓,✓,✓,✓,✓,✓,✓
太郎迫町,28,28,✓,✓,✓,✓,✓,✓,✓,✓,✓,✓,✓,✓,✓,✓,✓,✓,✓,✓,✓,✓,✓,✓,✓,✓,✓,✓,✓,✓
奥古閑町,28,28,✓,✓,✓,✓,✓,✓,✓,✓,✓,✓,✓,✓,✓,✓,✓,✓,✓,✓,✓,✓,✓,✓,✓,✓,✓,✓,✓,✓
妙体寺町,28,28,✓,✓,✓,✓,✓,✓,✓,✓,✓,✓,✓,✓,✓,✓,✓,✓,✓,✓,✓,✓,✓,✓,✓,✓,✓,✓,✓,✓
子飼本町,28,28,✓,✓,✓,✓,✓,✓,✓,✓,✓,✓,✓,✓,✓,✓,✓,✓,✓,✓,✓,✓,✓,✓,✓,✓,✓,✓,✓,✓
孫代町,28,28,✓,✓,✓,✓,✓,✓,✓,✓,✓,✓,✓,✓,✓,✓,✓,✓,✓,✓,✓,✓,✓,✓,✓,✓,✓,✓,✓,✓
安政町,28,28,✓,✓,✓,✓,✓,✓,✓,✓,✓,✓,✓,✓,✓,✓,✓,✓,✓,✓,✓,✓,✓,✓,✓,✓,✓,✓,✓,✓
室園町,15,28,✓,✓,✓,✓,✓,✓,✓,✓,✓,✓,✓,✓,✓,✓,✓,✗,✗,✗,✗,✗,✗,✗,✗,✗,✗,✗,✗,✗
宮内,28,28,✓,✓,✓,✓,✓,✓,✓,✓,✓,✓,✓,✓,✓,✓,✓,✓,✓,✓,✓,✓,✓,✓,✓,✓,✓,✓,✓,✓
富合町上杉,16,28,✗,✗,✗,✗,✗,✗,✗,✗,✗,✗,✗,✗,✓,✓,✓,✓,✓,✓,✓,✓,✓,✓,✓,✓,✓,✓,✓,✓
富合町南田尻,16,28,✗,✗,✗,✗,✗,✗,✗,✗,✗,✗,✗,✗,✓,✓,✓,✓,✓,✓,✓,✓,✓,✓,✓,✓,✓,✓,✓,✓
富合町古閑,16,28,✗,✗,✗,✗,✗,✗,✗,✗,✗,✗,✗,✗,✓,✓,✓,✓,✓,✓,✓,✓,✓,✓,✓,✓,✓,✓,✓,✓
富合町国町,16,28,✗,✗,✗,✗,✗,✗,✗,✗,✗,✗,✗,✗,✓,✓,✓,✓,✓,✓,✓,✓,✓,✓,✓,✓,✓,✓,✓,✓
富合町大町,16,28,✗,✗,✗,✗,✗,✗,✗,✗,✗,✗,✗,✗,✓,✓,✓,✓,✓,✓,✓,✓,✓,✓,✓,✓,✓,✓,✓,✓
富合町小岩瀬,16,28,✗,✗,✗,✗,✗,✗,✗,✗,✗,✗,✗,✗,✓,✓,✓,✓,✓,✓,✓,✓,✓,✓,✓,✓,✓,✓,✓,✓
富合町平原,16,28,✗,✗,✗,✗,✗,✗,✗,✗,✗,✗,✗,✗,✓,✓,✓,✓,✓,✓,✓,✓,✓,✓,✓,✓,✓,✓,✓,✓
富合町廻江,16,28,✗,✗,✗,✗,✗,✗,✗,✗,✗,✗,✗,✗,✓,✓,✓,✓,✓,✓,✓,✓,✓,✓,✓,✓,✓,✓,✓,✓
富合町御船手,16,28,✗,✗,✗,✗,✗,✗,✗,✗,✗,✗,✗,✗,✓,✓,✓,✓,✓,✓,✓,✓,✓,✓,✓,✓,✓,✓,✓,✓
富合町志々水,16,28,✗,✗,✗,✗,✗,✗,✗,✗,✗,✗,✗,✗,✓,✓,✓,✓,✓,✓,✓,✓,✓,✓,✓,✓,✓,✓,✓,✓
富合町新,16,28,✗,✗,✗,✗,✗,✗,✗,✗,✗,✗,✗,✗,✓,✓,✓,✓,✓,✓,✓,✓,✓,✓,✓,✓,✓,✓,✓,✓
富合町木原,16,28,✗,✗,✗,✗,✗,✗,✗,✗,✗,✗,✗,✗,✓,✓,✓,✓,✓,✓,✓,✓,✓,✓,✓,✓,✓,✓,✓,✓
富合町杉島,16,28,✗,✗,✗,✗,✗,✗,✗,✗,✗,✗,✗,✗,✓,✓,✓,✓,✓,✓,✓,✓,✓,✓,✓,✓,✓,✓,✓,✓
富合町榎津,16,28,✗,✗,✗,✗,✗,✗,✗,✗,✗,✗,✗,✗,✓,✓,✓,✓,✓,✓,✓,✓,✓,✓,✓,✓,✓,✓,✓,✓
富合町清藤,16,28,✗,✗,✗,✗,✗,✗,✗,✗,✗,✗,✗,✗,✓,✓,✓,✓,✓,✓,✓,✓,✓,✓,✓,✓,✓,✓,✓,✓
富合町田尻,16,28,✗,✗,✗,✗,✗,✗,✗,✗,✗,✗,✗,✗,✓,✓,✓,✓,✓,✓,✓,✓,✓,✓,✓,✓,✓,✓,✓,✓
富合町硴江,16,28,✗,✗,✗,✗,✗,✗,✗,✗,✗,✗,✗,✗,✓,✓,✓,✓,✓,✓,✓,✓,✓,✓,✓,✓,✓,✓,✓,✓
富合町莎崎,16,28,✗,✗,✗,✗,✗,✗,✗,✗,✗,✗,✗,✗,✓,✓,✓,✓,✓,✓,✓,✓,✓,✓,✓,✓,✓,✓,✓,✓
富合町菰江,16,28,✗,✗,✗,✗,✗,✗,✗,✗,✗,✗,✗,✗,✓,✓,✓,✓,✓,✓,✓,✓,✓,✓,✓,✓,✓,✓,✓,✓
富合町西田尻,16,28,✗,✗,✗,✗,✗,✗,✗,✗,✗,✗,✗,✗,✓,✓,✓,✓,✓,✓,✓,✓,✓,✓,✓,✓,✓,✓,✓,✓
富合町釈迦堂,16,28,✗,✗,✗,✗,✗,✗,✗,✗,✗,✗,✗,✗,✓,✓,✓,✓,✓,✓,✓,✓,✓,✓,✓,✓,✓,✓,✓,✓
小山町,28,28,✓,✓,✓,✓,✓,✓,✓,✓,✓,✓,✓,✓,✓,✓,✓,✓,✓,✓,✓,✓,✓,✓,✓,✓,✓,✓,✓,✓
小島上町,28,28,✓,✓,✓,✓,✓,✓,✓,✓,✓,✓,✓,✓,✓,✓,✓,✓,✓,✓,✓,✓,✓,✓,✓,✓,✓,✓,✓,✓
小島下町,28,28,✓,✓,✓,✓,✓,✓,✓,✓,✓,✓,✓,✓,✓,✓,✓,✓,✓,✓,✓,✓,✓,✓,✓,✓,✓,✓,✓,✓
小島中町,11,28,✓,✓,✓,✓,✓,✓,✓,✓,✓,✓,✓,✗,✗,✗,✗,✗,✗,✗,✗,✗,✗,✗,✗,✗,✗,✗,✗,✗
小沢町,28,28,✓,✓,✓,✓,✓,✓,✓,✓,✓,✓,✓,✓,✓,✓,✓,✓,✓,✓,✓,✓,✓,✓,✓,✓,✓,✓,✓,✓
小糸山町,28,28,✓,✓,✓,✓,✓,✓,✓,✓,✓,✓,✓,✓,✓,✓,✓,✓,✓,✓,✓,✓,✓,✓,✓,✓,✓,✓,✓,✓
山崎町,28,28,✓,✓,✓,✓,✓,✓,✓,✓,✓,✓,✓,✓,✓,✓,✓,✓,✓,✓,✓,✓,✓,✓,✓,✓,✓,✓,✓,✓
岡田町,28,28,✓,✓,✓,✓,✓,✓,✓,✓,✓,✓,✓,✓,✓,✓,✓,✓,✓,✓,✓,✓,✓,✓,✓,✓,✓,✓,✓,✓
島町,13,28,✓,✓,✓,✓,✓,✓,✓,✓,✓,✓,✓,✓,✓,✗,✗,✗,✗,✗,✗,✗,✗,✗,✗,✗,✗,✗,✗,✗
川尻町,14,28,✓,✓,✓,✓,✓,✓,✓,✓,✓,✓,✓,✓,✓,✓,✗,✗,✗,✗,✗,✗,✗,✗,✗,✗,✗,✗,✗,✗
川端町,28,28,✓,✓,✓,✓,✓,✓,✓,✓,✓,✓,✓,✓,✓,✓,✓,✓,✓,✓,✓,✓,✓,✓,✓,✓,✓,✓,✓,✓
平山町,28,28,✓,✓,✓,✓,✓,✓,✓,✓,✓,✓,✓,✓,✓,✓,✓,✓,✓,✓,✓,✓,✓,✓,✓,✓,✓,✓,✓,✓
広木町,28,28,✓,✓,✓,✓,✓,✓,✓,✓,✓,✓,✓,✓,✓,✓,✓,✓,✓,✓,✓,✓,✓,✓,✓,✓,✓,✓,✓,✓
弓削町,28,28,✓,✓,✓,✓,✓,✓,✓,✓,✓,✓,✓,✓,✓,✓,✓,✓,✓,✓,✓,✓,✓,✓,✓,✓,✓,✓,✓,✓
弥生町,28,28,✓,✓,✓,✓,✓,✓,✓,✓,✓,✓,✓,✓,✓,✓,✓,✓,✓,✓,✓,✓,✓,✓,✓,✓,✓,✓,✓,✓
御幸木部町,28,28,✓,✓,✓,✓,✓,✓,✓,✓,✓,✓,✓,✓,✓,✓,✓,✓,✓,✓,✓,✓,✓,✓,✓,✓,✓,✓,✓,✓
御幸笛田町,28,28,✓,✓,✓,✓,✓,✓,✓,✓,✓,✓,✓,✓,✓,✓,✓,✓,✓,✓,✓,✓,✓,✓,✓,✓,✓,✓,✓,✓
御幸西無田町,28,28,✓,✓,✓,✓,✓,✓,✓,✓,✓,✓,✓,✓,✓,✓,✓,✓,✓,✓,✓,✓,✓,✓,✓,✓,✓,✓,✓,✓
御領町,13,28,✓,✓,✓,✓,✓,✓,✓,✓,✓,✓,✓,✓,✓,✗,✗,✗,✗,✗,✗,✗,✗,✗,✗,✗,✗,✗,✗,✗
徳王町,28,28,✓,✓,✓,✓,✓,✓,✓,✓,✓,✓,✓,✓,✓,✓,✓,✓,✓,✓,✓,✓,✓,✓,✓,✓,✓,✓,✓,✓
慶徳堀町,28,28,✓,✓,✓,✓,✓,✓,✓,✓,✓,✓,✓,✓,✓,✓,✓,✓,✓,✓,✓,✓,✓,✓,✓,✓,✓,✓,✓,✓
戸坂町,28,28,✓,✓,✓,✓,✓,✓,✓,✓,✓,✓,✓,✓,✓,✓,✓,✓,✓,✓,✓,✓,✓,✓,✓,✓,✓,✓,✓,✓
戸島本町,20,28,✗,✗,✗,✗,✗,✗,✗,✗,✓,✓,✓,✓,✓,✓,✓,✓,✓,✓,✓,✓,✓,✓,✓,✓,✓,✓,✓,✓
戸島町,28,28,✓,✓,✓,✓,✓,✓,✓,✓,✓,✓,✓,✓,✓,✓,✓,✓,✓,✓,✓,✓,✓,✓,✓,✓,✓,✓,✓,✓
手取本町,28,28,✓,✓,✓,✓,✓,✓,✓,✓,✓,✓,✓,✓,✓,✓,✓,✓,✓,✓,✓,✓,✓,✓,✓,✓,✓,✓,✓,✓
打越町,28,28,✓,✓,✓,✓,✓,✓,✓,✓,✓,✓,✓,✓,✓,✓,✓,✓,✓,✓,✓,✓,✓,✓,✓,✓,✓,✓,✓,✓
改寄町,28,28,✓,✓,✓,✓,✓,✓,✓,✓,✓,✓,✓,✓,✓,✓,✓,✓,✓,✓,✓,✓,✓,✓,✓,✓,✓,✓,✓,✓
新南部町,14,28,✓,✓,✓,✓,✓,✓,✓,✓,✓,✓,✓,✓,✓,✓,✗,✗,✗,✗,✗,✗,✗,✗,✗,✗,✗,✗,✗,✗
新土河原町,3,28,✓,✓,✓,✗,✗,✗,✗,✗,✗,✗,✗,✗,✗,✗,✗,✗,✗,✗,✗,✗,✗,✗,✗,✗,✗,✗,✗,✗
新市街,28,28,✓,✓,✓,✓,✓,✓,✓,✓,✓,✓,✓,✓,✓,✓,✓,✓,✓,✓,✓,✓,✓,✓,✓,✓,✓,✓,✓,✓
新鍛冶屋町,28,28,✓,✓,✓,✓,✓,✓,✓,✓,✓,✓,✓,✓,✓,✓,✓,✓,✓,✓,✓,✓,✓,✓,✓,✓,✓,✓,✓,✓
明徳町,28,28,✓,✓,✓,✓,✓,✓,✓,✓,✓,✓,✓,✓,✓,✓,✓,✓,✓,✓,✓,✓,✓,✓,✓,✓,✓,✓,✓,✓
春日町,14,28,✓,✓,✓,✓,✓,✓,✓,✓,✓,✓,✓,✓,✓,✓,✗,✗,✗,✗,✗,✗,✗,✗,✗,✗,✗,✗,✗,✗
春竹町大字春竹,28,28,✓,✓,✓,✓,✓,✓,✓,✓,✓,✓,✓,✓,✓,✓,✓,✓,✓,✓,✓,✓,✓,✓,✓,✓,✓,✓,✓,✓
昭和町,28,28,✓,✓,✓,✓,✓,✓,✓,✓,✓,✓,✓,✓,✓,✓,✓,✓,✓,✓,✓,✓,✓,✓,✓,✓,✓,✓,✓,✓
本丸,28,28,✓,✓,✓,✓,✓,✓,✓,✓,✓,✓,✓,✓,✓,✓,✓,✓,✓,✓,✓,✓,✓,✓,✓,✓,✓,✓,✓,✓
本山町,28,28,✓,✓,✓,✓,✓,✓,✓,✓,✓,✓,✓,✓,✓,✓,✓,✓,✓,✓,✓,✓,✓,✓,✓,✓,✓,✓,✓,✓
本荘町,28,28,✓,✓,✓,✓,✓,✓,✓,✓,✓,✓,✓,✓,✓,✓,✓,✓,✓,✓,✓,✓,✓,✓,✓,✓,✓,✓,✓,✓
東京塚町,15,28,✓,✓,✓,✓,✓,✓,✓,✓,✓,✓,✓,✓,✓,✓,✓,✗,✗,✗,✗,✗,✗,✗,✗,✗,✗,✗,✗,✗
東子飼町,28,28,✓,✓,✓,✓,✓,✓,✓,✓,✓,✓,✓,✓,✓,✓,✓,✓,✓,✓,✓,✓,✓,✓,✓,✓,✓,✓,✓,✓
東本町,28,28,✓,✓,✓,✓,✓,✓,✓,✓,✓,✓,✓,✓,✓,✓,✓,✓,✓,✓,✓,✓,✓,✓,✓,✓,✓,✓,✓,✓
東町,14,28,✓,✓,✓,✓,✓,✓,✓,✓,✓,✓,✓,✓,✓,✓,✗,✗,✗,✗,✗,✗,✗,✗,✗,✗,✗,✗,✗,✗
東阿弥陀寺町,28,28,✓,✓,✓,✓,✓,✓,✓,✓,✓,✓,✓,✓,✓,✓,✓,✓,✓,✓,✓,✓,✓,✓,✓,✓,✓,✓,✓,✓
松原町,28,28,✓,✓,✓,✓,✓,✓,✓,✓,✓,✓,✓,✓,✓,✓,✓,✓,✓,✓,✓,✓,✓,✓,✓,✓,✓,✓,✓,✓
松尾町上松尾,28,28,✓,✓,✓,✓,✓,✓,✓,✓,✓,✓,✓,✓,✓,✓,✓,✓,✓,✓,✓,✓,✓,✓,✓,✓,✓,✓,✓,✓
松尾町平山,28,28,✓,✓,✓,✓,✓,✓,✓,✓,✓,✓,✓,✓,✓,✓,✓,✓,✓,✓,✓,✓,✓,✓,✓,✓,✓,✓,✓,✓
松尾町近津,28,28,✓,✓,✓,✓,✓,✓,✓,✓,✓,✓,✓,✓,✓,✓,✓,✓,✓,✓,✓,✓,✓,✓,✓,✓,✓,✓,✓,✓
板屋町,28,28,✓,✓,✓,✓,✓,✓,✓,✓,✓,✓,✓,✓,✓,✓,✓,✓,✓,✓,✓,✓,✓,✓,✓,✓,✓,✓,✓,✓
栄町,28,28,✓,✓,✓,✓,✓,✓,✓,✓,✓,✓,✓,✓,✓,✓,✓,✓,✓,✓,✓,✓,✓,✓,✓,✓,✓,✓,✓,✓
桜町,28,28,✓,✓,✓,✓,✓,✓,✓,✓,✓,✓,✓,✓,✓,✓,✓,✓,✓,✓,✓,✓,✓,✓,✓,✓,✓,✓,✓,✓
梶尾町,28,28,✓,✓,✓,✓,✓,✓,✓,✓,✓,✓,✓,✓,✓,✓,✓,✓,✓,✓,✓,✓,✓,✓,✓,✓,✓,✓,✓,✓
植木町一木,16,28,✗,✗,✗,✗,✗,✗,✗,✗,✗,✗,✗,✗,✓,✓,✓,✓,✓,✓,✓,✓,✓,✓,✓,✓,✓,✓,✓,✓
植木町上古閑,16,28,✗,✗,✗,✗,✗,✗,✗,✗,✗,✗,✗,✗,✓,✓,✓,✓,✓,✓,✓,✓,✓,✓,✓,✓,✓,✓,✓,✓
植木町亀甲,16,28,✗,✗,✗,✗,✗,✗,✗,✗,✗,✗,✗,✗,✓,✓,✓,✓,✓,✓,✓,✓,✓,✓,✓,✓,✓,✓,✓,✓
植木町今藤,16,28,✗,✗,✗,✗,✗,✗,✗,✗,✗,✗,✗,✗,✓,✓,✓,✓,✓,✓,✓,✓,✓,✓,✓,✓,✓,✓,✓,✓
植木町伊知坊,16,28,✗,✗,✗,✗,✗,✗,✗,✗,✗,✗,✗,✗,✓,✓,✓,✓,✓,✓,✓,✓,✓,✓,✓,✓,✓,✓,✓,✓
植木町内,16,28,✗,✗,✗,✗,✗,✗,✗,✗,✗,✗,✗,✗,✓,✓,✓,✓,✓,✓,✓,✓,✓,✓,✓,✓,✓,✓,✓,✓
植木町円台寺,16,28,✗,✗,✗,✗,✗,✗,✗,✗,✗,✗,✗,✗,✓,✓,✓,✓,✓,✓,✓,✓,✓,✓,✓,✓,✓,✓,✓,✓
植木町古閑,16,28,✗,✗,✗,✗,✗,✗,✗,✗,✗,✗,✗,✗,✓,✓,✓,✓,✓,✓,✓,✓,✓,✓,✓,✓,✓,✓,✓,✓
植木町味取,16,28,✗,✗,✗,✗,✗,✗,✗,✗,✗,✗,✗,✗,✓,✓,✓,✓,✓,✓,✓,✓,✓,✓,✓,✓,✓,✓,✓,✓
植木町大井,16,28,✗,✗,✗,✗,✗,✗,✗,✗,✗,✗,✗,✗,✓,✓,✓,✓,✓,✓,✓,✓,✓,✓,✓,✓,✓,✓,✓,✓
植木町大和,16,28,✗,✗,✗,✗,✗,✗,✗,✗,✗,✗,✗,✗,✓,✓,✓,✓,✓,✓,✓,✓,✓,✓,✓,✓,✓,✓,✓,✓
植木町宮原,16,28,✗,✗,✗,✗,✗,✗,✗,✗,✗,✗,✗,✗,✓,✓,✓,✓,✓,✓,✓,✓,✓,✓,✓,✓,✓,✓,✓,✓
植木町富応,16,28,✗,✗,✗,✗,✗,✗,✗,✗,✗,✗,✗,✗,✓,✓,✓,✓,✓,✓,✓,✓,✓,✓,✓,✓,✓,✓,✓,✓
植木町小野,16,28,✗,✗,✗,✗,✗,✗,✗,✗,✗,✗,✗,✗,✓,✓,✓,✓,✓,✓,✓,✓,✓,✓,✓,✓,✓,✓,✓,✓
植木町山本,16,28,✗,✗,✗,✗,✗,✗,✗,✗,✗,✗,✗,✗,✓,✓,✓,✓,✓,✓,✓,✓,✓,✓,✓,✓,✓,✓,✓,✓
植木町岩野,16,28,✗,✗,✗,✗,✗,✗,✗,✗,✗,✗,✗,✗,✓,✓,✓,✓,✓,✓,✓,✓,✓,✓,✓,✓,✓,✓,✓,✓
植木町平井,16,28,✗,✗,✗,✗,✗,✗,✗,✗,✗,✗,✗,✗,✓,✓,✓,✓,✓,✓,✓,✓,✓,✓,✓,✓,✓,✓,✓,✓
植木町平原,16,28,✗,✗,✗,✗,✗,✗,✗,✗,✗,✗,✗,✗,✓,✓,✓,✓,✓,✓,✓,✓,✓,✓,✓,✓,✓,✓,✓,✓
植木町平野,16,28,✗,✗,✗,✗,✗,✗,✗,✗,✗,✗,✗,✗,✓,✓,✓,✓,✓,✓,✓,✓,✓,✓,✓,✓,✓,✓,✓,✓
植木町広住,16,28,✗,✗,✗,✗,✗,✗,✗,✗,✗,✗,✗,✗,✓,✓,✓,✓,✓,✓,✓,✓,✓,✓,✓,✓,✓,✓,✓,✓
植木町後古閑,16,28,✗,✗,✗,✗,✗,✗,✗,✗,✗,✗,✗,✗,✓,✓,✓,✓,✓,✓,✓,✓,✓,✓,✓,✓,✓,✓,✓,✓
植木町投刀塚,16,28,✗,✗,✗,✗,✗,✗,✗,✗,✗,✗,✗,✗,✓,✓,✓,✓,✓,✓,✓,✓,✓,✓,✓,✓,✓,✓,✓,✓
植木町有泉,16,28,✗,✗,✗,✗,✗,✗,✗,✗,✗,✗,✗,✗,✓,✓,✓,✓,✓,✓,✓,✓,✓,✓,✓,✓,✓,✓,✓,✓
植木町木留,16,28,✗,✗,✗,✗,✗,✗,✗,✗,✗,✗,✗,✗,✓,✓,✓,✓,✓,✓,✓,✓,✓,✓,✓,✓,✓,✓,✓,✓
植木町植木,16,28,✗,✗,✗,✗,✗,✗,✗,✗,✗,✗,✗,✗,✓,✓,✓,✓,✓,✓,✓,✓,✓,✓,✓,✓,✓,✓,✓,✓
植木町正清,16,28,✗,✗,✗,✗,✗,✗,✗,✗,✗,✗,✗,✗,✓,✓,✓,✓,✓,✓,✓,✓,✓,✓,✓,✓,✓,✓,✓,✓
植木町清水,16,28,✗,✗,✗,✗,✗,✗,✗,✗,✗,✗,✗,✗,✓,✓,✓,✓,✓,✓,✓,✓,✓,✓,✓,✓,✓,✓,✓,✓
植木町滴水,16,28,✗,✗,✗,✗,✗,✗,✗,✗,✗,✗,✗,✗,✓,✓,✓,✓,✓,✓,✓,✓,✓,✓,✓,✓,✓,✓,✓,✓
植木町田底,16,28,✗,✗,✗,✗,✗,✗,✗,✗,✗,✗,✗,✗,✓,✓,✓,✓,✓,✓,✓,✓,✓,✓,✓,✓,✓,✓,✓,✓
植木町石川,16,28,✗,✗,✗,✗,✗,✗,✗,✗,✗,✗,✗,✗,✓,✓,✓,✓,✓,✓,✓,✓,✓,✓,✓,✓,✓,✓,✓,✓
植木町米塚,16,28,✗,✗,✗,✗,✗,✗,✗,✗,✗,✗,✗,✗,✓,✓,✓,✓,✓,✓,✓,✓,✓,✓,✓,✓,✓,✓,✓,✓
植木町舞尾,16,28,✗,✗,✗,✗,✗,✗,✗,✗,✗,✗,✗,✗,✓,✓,✓,✓,✓,✓,✓,✓,✓,✓,✓,✓,✓,✓,✓,✓
植木町舟島,16,28,✗,✗,✗,✗,✗,✗,✗,✗,✗,✗,✗,✗,✓,✓,✓,✓,✓,✓,✓,✓,✓,✓,✓,✓,✓,✓,✓,✓
植木町色出,16,28,✗,✗,✗,✗,✗,✗,✗,✗,✗,✗,✗,✗,✓,✓,✓,✓,✓,✓,✓,✓,✓,✓,✓,✓,✓,✓,✓,✓
植木町荻迫,16,28,✗,✗,✗,✗,✗,✗,✗,✗,✗,✗,✗,✗,✓,✓,✓,✓,✓,✓,✓,✓,✓,✓,✓,✓,✓,✓,✓,✓
植木町豊岡,16,28,✗,✗,✗,✗,✗,✗,✗,✗,✗,✗,✗,✗,✓,✓,✓,✓,✓,✓,✓,✓,✓,✓,✓,✓,✓,✓,✓,✓
植木町豊田,16,28,✗,✗,✗,✗,✗,✗,✗,✗,✗,✗,✗,✗,✓,✓,✓,✓,✓,✓,✓,✓,✓,✓,✓,✓,✓,✓,✓,✓
植木町轟,16,28,✗,✗,✗,✗,✗,✗,✗,✗,✗,✗,✗,✗,✓,✓,✓,✓,✓,✓,✓,✓,✓,✓,✓,✓,✓,✓,✓,✓
植木町辺田野,16,28,✗,✗,✗,✗,✗,✗,✗,✗,✗,✗,✗,✗,✓,✓,✓,✓,✓,✓,✓,✓,✓,✓,✓,✓,✓,✓,✓,✓
植木町那知,16,28,✗,✗,✗,✗,✗,✗,✗,✗,✗,✗,✗,✗,✓,✓,✓,✓,✓,✓,✓,✓,✓,✓,✓,✓,✓,✓,✓,✓
植木町鈴麦,16,28,✗,✗,✗,✗,✗,✗,✗,✗,✗,✗,✗,✗,✓,✓,✓,✓,✓,✓,✓,✓,✓,✓,✓,✓,✓,✓,✓,✓
植木町鐙田,16,28,✗,✗,✗,✗,✗,✗,✗,✗,✗,✗,✗,✗,✓,✓,✓,✓,✓,✓,✓,✓,✓,✓,✓,✓,✓,✓,✓,✓
植木町鞍掛,16,28,✗,✗,✗,✗,✗,✗,✗,✗,✗,✗,✗,✗,✓,✓,✓,✓,✓,✓,✓,✓,✓,✓,✓,✓,✓,✓,✓,✓
楠野町,28,28,✓,✓,✓,✓,✓,✓,✓,✓,✓,✓,✓,✓,✓,✓,✓,✓,✓,✓,✓,✓,✓,✓,✓,✓,✓,✓,✓,✓
榎町,28,28,✓,✓,✓,✓,✓,✓,✓,✓,✓,✓,✓,✓,✓,✓,✓,✓,✓,✓,✓,✓,✓,✓,✓,✓,✓,✓,✓,✓
横紺屋町,28,28,✓,✓,✓,✓,✓,✓,✓,✓,✓,✓,✓,✓,✓,✓,✓,✓,✓,✓,✓,✓,✓,✓,✓,✓,✓,✓,✓,✓
段山本町,28,28,✓,✓,✓,✓,✓,✓,✓,✓,✓,✓,✓,✓,✓,✓,✓,✓,✓,✓,✓,✓,✓,✓,✓,✓,✓,✓,✓,✓
水前寺公園,28,28,✓,✓,✓,✓,✓,✓,✓,✓,✓,✓,✓,✓,✓,✓,✓,✓,✓,✓,✓,✓,✓,✓,✓,✓,✓,✓,✓,✓
水道町,28,28,✓,✓,✓,✓,✓,✓,✓,✓,✓,✓,✓,✓,✓,✓,✓,✓,✓,✓,✓,✓,✓,✓,✓,✓,✓,✓,✓,✓
池上町,28,28,✓,✓,✓,✓,✓,✓,✓,✓,✓,✓,✓,✓,✓,✓,✓,✓,✓,✓,✓,✓,✓,✓,✓,✓,✓,✓,✓,✓
池亀町,28,28,✓,✓,✓,✓,✓,✓,✓,✓,✓,✓,✓,✓,✓,✓,✓,✓,✓,✓,✓,✓,✓,✓,✓,✓,✓,✓,✓,✓
沖新町,28,28,✓,✓,✓,✓,✓,✓,✓,✓,✓,✓,✓,✓,✓,✓,✓,✓,✓,✓,✓,✓,✓,✓,✓,✓,✓,✓,✓,✓
河内町大多尾,28,28,✓,✓,✓,✓,✓,✓,✓,✓,✓,✓,✓,✓,✓,✓,✓,✓,✓,✓,✓,✓,✓,✓,✓,✓,✓,✓,✓,✓
河内町岳,28,28,✓,✓,✓,✓,✓,✓,✓,✓,✓,✓,✓,✓,✓,✓,✓,✓,✓,✓,✓,✓,✓,✓,✓,✓,✓,✓,✓,✓
河内町東門寺,28,28,✓,✓,✓,✓,✓,✓,✓,✓,✓,✓,✓,✓,✓,✓,✓,✓,✓,✓,✓,✓,✓,✓,✓,✓,✓,✓,✓,✓
河内町河内,28,28,✓,✓,✓,✓,✓,✓,✓,✓,✓,✓,✓,✓,✓,✓,✓,✓,✓,✓,✓,✓,✓,✓,✓,✓,✓,✓,✓,✓
河内町白浜,28,28,✓,✓,✓,✓,✓,✓,✓,✓,✓,✓,✓,✓,✓,✓,✓,✓,✓,✓,✓,✓,✓,✓,✓,✓,✓,✓,✓,✓
河内町船津,28,28,✓,✓,✓,✓,✓,✓,✓,✓,✓,✓,✓,✓,✓,✓,✓,✓,✓,✓,✓,✓,✓,✓,✓,✓,✓,✓,✓,✓
河内町野出,28,28,✓,✓,✓,✓,✓,✓,✓,✓,✓,✓,✓,✓,✓,✓,✓,✓,✓,✓,✓,✓,✓,✓,✓,✓,✓,✓,✓,✓
河内町面木,28,28,✓,✓,✓,✓,✓,✓,✓,✓,✓,✓,✓,✓,✓,✓,✓,✓,✓,✓,✓,✓,✓,✓,✓,✓,✓,✓,✓,✓
河原町,28,28,✓,✓,✓,✓,✓,✓,✓,✓,✓,✓,✓,✓,✓,✓,✓,✓,✓,✓,✓,✓,✓,✓,✓,✓,✓,✓,✓,✓
津浦町,15,28,✓,✓,✓,✓,✓,✓,✓,✓,✓,✓,✓,✓,✓,✓,✓,✗,✗,✗,✗,✗,✗,✗,✗,✗,✗,✗,✗,✗
清水亀井町,28,28,✓,✓,✓,✓,✓,✓,✓,✓,✓,✓,✓,✓,✓,✓,✓,✓,✓,✓,✓,✓,✓,✓,✓,✓,✓,✓,✓,✓
清水本町,28,28,✓,✓,✓,✓,✓,✓,✓,✓,✓,✓,✓,✓,✓,✓,✓,✓,✓,✓,✓,✓,✓,✓,✓,✓,✓,✓,✓,✓
清水東町,28,28,✓,✓,✓,✓,✓,✓,✓,✓,✓,✓,✓,✓,✓,✓,✓,✓,✓,✓,✓,✓,✓,✓,✓,✓,✓,✓,✓,✓
清水町大字万石,11,28,✓,✓,✓,✓,✓,✓,✓,✓,✓,✓,✓,✗,✗,✗,✗,✗,✗,✗,✗,✗,✗,✗,✗,✗,✗,✗,✗,✗
清水町大字亀井,10,28,✓,✓,✓,✓,✓,✓,✓,✓,✓,✓,✗,✗,✗,✗,✗,✗,✗,✗,✗,✗,✗,✗,✗,✗,✗,✗,✗,✗
清水町大字兎谷,9,28,✓,✓,✓,✓,✓,✓,✓,✓,✓,✗,✗,✗,✗,✗,✗,✗,✗,✗,✗,✗,✗,✗,✗,✗,✗,✗,✗,✗
清水町大字大窪,12,28,✓,✓,✓,✓,✓,✓,✓,✓,✓,✓,✓,✓,✗,✗,✗,✗,✗,✗,✗,✗,✗,✗,✗,✗,✗,✗,✗,✗
清水町大字室園,28,28,✓,✓,✓,✓,✓,✓,✓,✓,✓,✓,✓,✓,✓,✓,✓,✓,✓,✓,✓,✓,✓,✓,✓,✓,✓,✓,✓,✓
清水町大字山室,10,28,✓,✓,✓,✓,✓,✓,✓,✓,✓,✓,✗,✗,✗,✗,✗,✗,✗,✗,✗,✗,✗,✗,✗,✗,✗,✗,✗,✗
清水町大字打越,28,28,✓,✓,✓,✓,✓,✓,✓,✓,✓,✓,✓,✓,✓,✓,✓,✓,✓,✓,✓,✓,✓,✓,✓,✓,✓,✓,✓,✓
清水町大字新地,14,28,✓,✓,✓,✓,✓,✓,✓,✓,✓,✓,✓,✓,✓,✓,✗,✗,✗,✗,✗,✗,✗,✗,✗,✗,✗,✗,✗,✗
清水町大字松崎,28,28,✓,✓,✓,✓,✓,✓,✓,✓,✓,✓,✓,✓,✓,✓,✓,✓,✓,✓,✓,✓,✓,✓,✓,✓,✓,✓,✓,✓
清水町大字楡木,14,28,✓,✓,✓,✓,✓,✓,✓,✓,✓,✓,✓,✓,✓,✓,✗,✗,✗,✗,✗,✗,✗,✗,✗,✗,✗,✗,✗,✗
清水町大字高平,10,28,✓,✓,✓,✓,✓,✓,✓,✓,✓,✓,✗,✗,✗,✗,✗,✗,✗,✗,✗,✗,✗,✗,✗,✗,✗,✗,✗,✗
清水町大字麻生田,10,28,✓,✓,✓,✓,✓,✓,✓,✓,✓,✓,✗,✗,✗,✗,✗,✗,✗,✗,✗,✗,✗,✗,✗,✗,✗,✗,✗,✗
琴平本町,28,28,✓,✓,✓,✓,✓,✓,✓,✓,✓,✓,✓,✓,✓,✓,✓,✓,✓,✓,✓,✓,✓,✓,✓,✓,✓,✓,✓,✓
田崎本町,28,28,✓,✓,✓,✓,✓,✓,✓,✓,✓,✓,✓,✓,✓,✓,✓,✓,✓,✓,✓,✓,✓,✓,✓,✓,✓,✓,✓,✓
田崎町,28,28,✓,✓,✓,✓,✓,✓,✓,✓,✓,✓,✓,✓,✓,✓,✓,✓,✓,✓,✓,✓,✓,✓,✓,✓,✓,✓,✓,✓
田迎町大字出仲間,14,28,✓,✓,✓,✓,✓,✓,✓,✓,✓,✓,✓,✓,✓,✓,✗,✗,✗,✗,✗,✗,✗,✗,✗,✗,✗,✗,✗,✗
田迎町大字田井島,28,28,✓,✓,✓,✓,✓,✓,✓,✓,✓,✓,✓,✓,✓,✓,✓,✓,✓,✓,✓,✓,✓,✓,✓,✓,✓,✓,✓,✓
田迎町大字田迎,8,28,✓,✓,✓,✓,✓,✓,✓,✓,✗,✗,✗,✗,✗,✗,✗,✗,✗,✗,✗,✗,✗,✗,✗,✗,✗,✗,✗,✗
田迎町大字良町,28,28,✓,✓,✓,✓,✓,✓,✓,✓,✓,✓,✓,✓,✓,✓,✓,✓,✓,✓,✓,✓,✓,✓,✓,✓,✓,✓,✓,✓
画図町大字上無田,28,28,✓,✓,✓,✓,✓,✓,✓,✓,✓,✓,✓,✓,✓,✓,✓,✓,✓,✓,✓,✓,✓,✓,✓,✓,✓,✓,✓,✓
画図町大字下江津,28,28,✓,✓,✓,✓,✓,✓,✓,✓,✓,✓,✓,✓,✓,✓,✓,✓,✓,✓,✓,✓,✓,✓,✓,✓,✓,✓,✓,✓
画図町大字下無田,28,28,✓,✓,✓,✓,✓,✓,✓,✓,✓,✓,✓,✓,✓,✓,✓,✓,✓,✓,✓,✓,✓,✓,✓,✓,✓,✓,✓,✓
画図町大字所島,28,28,✓,✓,✓,✓,✓,✓,✓,✓,✓,✓,✓,✓,✓,✓,✓,✓,✓,✓,✓,✓,✓,✓,✓,✓,✓,✓,✓,✓
画図町大字重富,28,28,✓,✓,✓,✓,✓,✓,✓,✓,✓,✓,✓,✓,✓,✓,✓,✓,✓,✓,✓,✓,✓,✓,✓,✓,✓,✓,✓,✓
白石町,28,28,✓,✓,✓,✓,✓,✓,✓,✓,✓,✓,✓,✓,✓,✓,✓,✓,✓,✓,✓,✓,✓,✓,✓,✓,✓,✓,✓,✓
白藤町,14,28,✓,✓,✓,✓,✓,✓,✓,✓,✓,✓,✓,✓,✓,✓,✗,✗,✗,✗,✗,✗,✗,✗,✗,✗,✗,✗,✗,✗
石原町,28,28,✓,✓,✓,✓,✓,✓,✓,✓,✓,✓,✓,✓,✓,✓,✓,✓,✓,✓,✓,✓,✓,✓,✓,✓,✓,✓,✓,✓
砂原町,28,28,✓,✓,✓,✓,✓,✓,✓,✓,✓,✓,✓,✓,✓,✓,✓,✓,✓,✓,✓,✓,✓,✓,✓,✓,✓,✓,✓,✓
硯川町,28,28,✓,✓,✓,✓,✓,✓,✓,✓,✓,✓,✓,✓,✓,✓,✓,✓,✓,✓,✓,✓,✓,✓,✓,✓,✓,✓,✓,✓
神水本町,15,28,✓,✓,✓,✓,✓,✓,✓,✓,✓,✓,✓,✓,✓,✓,✓,✗,✗,✗,✗,✗,✗,✗,✗,✗,✗,✗,✗,✗
秋津新町,28,28,✓,✓,✓,✓,✓,✓,✓,✓,✓,✓,✓,✓,✓,✓,✓,✓,✓,✓,✓,✓,✓,✓,✓,✓,✓,✓,✓,✓
秋津町沼山津,28,28,✓,✓,✓,✓,✓,✓,✓,✓,✓,✓,✓,✓,✓,✓,✓,✓,✓,✓,✓,✓,✓,✓,✓,✓,✓,✓,✓,✓
秋津町秋田,28,28,✓,✓,✓,✓,✓,✓,✓,✓,✓,✓,✓,✓,✓,✓,✓,✓,✓,✓,✓,✓,✓,✓,✓,✓,✓,✓,✓,✓
稗田町,28,28,✓,✓,✓,✓,✓,✓,✓,✓,✓,✓,✓,✓,✓,✓,✓,✓,✓,✓,✓,✓,✓,✓,✓,✓,✓,✓,✓,✓
立福寺町,28,28,✓,✓,✓,✓,✓,✓,✓,✓,✓,✓,✓,✓,✓,✓,✓,✓,✓,✓,✓,✓,✓,✓,✓,✓,✓,✓,✓,✓
紺屋今町,28,28,✓,✓,✓,✓,✓,✓,✓,✓,✓,✓,✓,✓,✓,✓,✓,✓,✓,✓,✓,✓,✓,✓,✓,✓,✓,✓,✓,✓
紺屋阿弥陀寺町,28,28,✓,✓,✓,✓,✓,✓,✓,✓,✓,✓,✓,✓,✓,✓,✓,✓,✓,✓,✓,✓,✓,✓,✓,✓,✓,✓,✓,✓
総数,22954,28,✓,✓,✓,✓,✓,✓,✓,✓,✓,✓,✓,✓,✓,✓,✓,✓,✓,✓,✓,✓,✓,✓,✓,✓,✓,✓,✓,✓
練兵町,28,28,✓,✓,✓,✓,✓,✓,✓,✓,✓,✓,✓,✓,✓,✓,✓,✓,✓,✓,✓,✓,✓,✓,✓,✓,✓,✓,✓,✓
美登里町,28,28,✓,✓,✓,✓,✓,✓,✓,✓,✓,✓,✓,✓,✓,✓,✓,✓,✓,✓,✓,✓,✓,✓,✓,✓,✓,✓,✓,✓
花畑町,28,28,✓,✓,✓,✓,✓,✓,✓,✓,✓,✓,✓,✓,✓,✓,✓,✓,✓,✓,✓,✓,✓,✓,✓,✓,✓,✓,✓,✓
草葉町,28,28,✓,✓,✓,✓,✓,✓,✓,✓,✓,✓,✓,✓,✓,✓,✓,✓,✓,✓,✓,✓,✓,✓,✓,✓,✓,✓,✓,✓
荒尾町,28,28,✓,✓,✓,✓,✓,✓,✓,✓,✓,✓,✓,✓,✓,✓,✓,✓,✓,✓,✓,✓,✓,✓,✓,✓,✓,✓,✓,✓
菅原町,28,28,✓,✓,✓,✓,✓,✓,✓,✓,✓,✓,✓,✓,✓,✓,✓,✓,✓,✓,✓,✓,✓,✓,✓,✓,✓,✓,✓,✓
萩原町,28,28,✓,✓,✓,✓,✓,✓,✓,✓,✓,✓,✓,✓,✓,✓,✓,✓,✓,✓,✓,✓,✓,✓,✓,✓,✓,✓,✓,✓
蓮台寺町,12,28,✓,✓,✓,✓,✓,✓,✓,✓,✓,✓,✓,✓,✗,✗,✗,✗,✗,✗,✗,✗,✗,✗,✗,✗,✗,✗,✗,✗
薄場町,28,28,✓,✓,✓,✓,✓,✓,✓,✓,✓,✓,✓,✓,✓,✓,✓,✓,✓,✓,✓,✓,✓,✓,✓,✓,✓,✓,✓,✓
薬園町,28,28,✓,✓,✓,✓,✓,✓,✓,✓,✓,✓,✓,✓,✓,✓,✓,✓,✓,✓,✓,✓,✓,✓,✓,✓,✓,✓,✓,✓
西子飼町,28,28,✓,✓,✓,✓,✓,✓,✓,✓,✓,✓,✓,✓,✓,✓,✓,✓,✓,✓,✓,✓,✓,✓,✓,✓,✓,✓,✓,✓
西松尾町,11,28,✗,✗,✗,✗,✗,✗,✗,✗,✗,✗,✗,✗,✗,✗,✗,✗,✗,✓,✓,✓,✓,✓,✓,✓,✓,✓,✓,✓
西梶尾町,28,28,✓,✓,✓,✓,✓,✓,✓,✓,✓,✓,✓,✓,✓,✓,✓,✓,✓,✓,✓,✓,✓,✓,✓,✓,✓,✓,✓,✓
西阿弥陀寺町,28,28,✓,✓,✓,✓,✓,✓,✓,✓,✓,✓,✓,✓,✓,✓,✓,✓,✓,✓,✓,✓,✓,✓,✓,✓,✓,✓,✓,✓
護藤町,28,28,✓,✓,✓,✓,✓,✓,✓,✓,✓,✓,✓,✓,✓,✓,✓,✓,✓,✓,✓,✓,✓,✓,✓,✓,✓,✓,✓,✓
谷尾崎町,28,28,✓,✓,✓,✓,✓,✓,✓,✓,✓,✓,✓,✓,✓,✓,✓,✓,✓,✓,✓,✓,✓,✓,✓,✓,✓,✓,✓,✓
貢町,28,28,✓,✓,✓,✓,✓,✓,✓,✓,✓,✓,✓,✓,✓,✓,✓,✓,✓,✓,✓,✓,✓,✓,✓,✓,✓,✓,✓,✓
辛島町,28,28,✓,✓,✓,✓,✓,✓,✓,✓,✓,✓,✓,✓,✓,✓,✓,✓,✓,✓,✓,✓,✓,✓,✓,✓,✓,✓,✓,✓
近見町,28,28,✓,✓,✓,✓,✓,✓,✓,✓,✓,✓,✓,✓,✓,✓,✓,✓,✓,✓,✓,✓,✓,✓,✓,✓,✓,✓,✓,✓
通町,28,28,✓,✓,✓,✓,✓,✓,✓,✓,✓,✓,✓,✓,✓,✓,✓,✓,✓,✓,✓,✓,✓,✓,✓,✓,✓,✓,✓,✓
野田町,13,28,✓,✓,✓,✓,✓,✓,✓,✓,✓,✓,✓,✓,✓,✗,✗,✗,✗,✗,✗,✗,✗,✗,✗,✗,✗,✗,✗,✗
釜尾町,28,28,✓,✓,✓,✓,✓,✓,✓,✓,✓,✓,✓,✓,✓,✓,✓,✓,✓,✓,✓,✓,✓,✓,✓,✓,✓,✓,✓,✓
銭塘町,28,28,✓,✓,✓,✓,✓,✓,✓,✓,✓,✓,✓,✓,✓,✓,✓,✓,✓,✓,✓,✓,✓,✓,✓,✓,✓,✓,✓,✓
錦ケ丘,28,28,✓,✓,✓,✓,✓,✓,✓,✓,✓,✓,✓,✓,✓,✓,✓,✓,✓,✓,✓,✓,✓,✓,✓,✓,✓,✓,✓,✓
鍛冶屋町,28,28,✓,✓,✓,✓,✓,✓,✓,✓,✓,✓,✓,✓,✓,✓,✓,✓,✓,✓,✓,✓,✓,✓,✓,✓,✓,✓,✓,✓
長嶺町,14,28,✓,✓,✓,✓,✓,✓,✓,✓,✓,✓,✓,✓,✓,✓,✗,✗,✗,✗,✗,✗,✗,✗,✗,✗,✗,✗,✗,✗
飛田町,28,28,✓,✓,✓,✓,✓,✓,✓,✓,✓,✓,✓,✓,✓,✓,✓,✓,✓,✓,✓,✓,✓,✓,✓,✓,✓,✓,✓,✓
高橋町,14,28,✓,✓,✓,✓,✓,✓,✓,✓,✓,✓,✓,✓,✓,✓,✗,✗,✗,✗,✗,✗,✗,✗,✗,✗,✗,✗,✗,✗
高江町,14,28,✓,✓,✓,✓,✓,✓,✓,✓,✓,✓,✓,✓,✓,✓,✗,✗,✗,✗,✗,✗,✗,✗,✗,✗,✗,✗,✗,✗
鳶町,4,28,✓,✓,✓,✓,✗,✗,✗,✗,✗,✗,✗,✗,✗,✗,✗,✗,✗,✗,✗,✗,✗,✗,✗,✗,✗,✗,✗,✗
鶴羽田町,28,28,✓,✓,✓,✓,✓,✓,✓,✓,✓,✓,✓,✓,✓,✓,✓,✓,✓,✓,✓,✓,✓,✓,✓,✓,✓,✓,✓,✓
鹿子木町,28,28,✓,✓,✓,✓,✓,✓,✓,✓,✓,✓,✓,✓,✓,✓,✓,✓,✓,✓,✓,✓,✓,✓,✓,✓,✓,✓,✓,✓
鹿帰瀬町,28,28,✓,✓,✓,✓,✓,✓,✓,✓,✓,✓,✓,✓,✓,✓,✓,✓,✓,✓,✓,✓,✓,✓,✓,✓,✓,✓,✓,✓
黒髪町大字坪井,28,28,✓,✓,✓,✓,✓,✓,✓,✓,✓,✓,✓,✓,✓,✓,✓,✓,✓,✓,✓,✓,✓,✓,✓,✓,✓,✓,✓,✓
龍田町上立田,14,28,✓,✓,✓,✓,✓,✓,✓,✓,✓,✓,✓,✓,✓,✓,✗,✗,✗,✗,✗,✗,✗,✗,✗,✗,✗,✗,✗,✗
龍田町弓削,28,28,✓,✓,✓,✓,✓,✓,✓,✓,✓,✓,✓,✓,✓,✓,✓,✓,✓,✓,✓,✓,✓,✓,✓,✓,✓,✓,✓,✓
龍田町陳内,14,28,✓,✓,✓,✓,✓,✓,✓,✓,✓,✓,✓,✓,✓,✓,✗,✗,✗,✗,✗,✗,✗,✗,✗,✗,✗,✗,✗,✗
