町丁名,出現回数,総年度数,H10-04,H11-04,H12-04,H13-04,H14-04,H15-04,H16-04,H17-04,H18-04,H19-04,H20-04,H21-04,H22-04,H23-04,H24-04,H25-04,H26-04,H27-04,H28-04,H29-04,H30-04,H31-04,R02-04,R03-04,R04-04,R05-04,R06-04,R07-04,town_consistency_analysis
万楽寺町,29,29,✓,✓,✓,✓,✓,✓,✓,✓,✓,✓,✓,✓,✓,✓,✓,✓,✓,✓,✓,✓,✓,✓,✓,✓,✓,✓,✓,✓,✓
上ノ郷町,13,29,✓,✓,✓,✓,✓,✓,✓,✓,✓,✓,✓,✓,✗,✗,✗,✗,✗,✗,✗,✗,✗,✗,✗,✗,✗,✗,✗,✗,✓
上京塚町,29,29,✓,✓,✓,✓,✓,✓,✓,✓,✓,✓,✓,✓,✓,✓,✓,✓,✓,✓,✓,✓,✓,✓,✓,✓,✓,✓,✓,✓,✓
上南部町,29,29,✓,✓,✓,✓,✓,✓,✓,✓,✓,✓,✓,✓,✓,✓,✓,✓,✓,✓,✓,✓,✓,✓,✓,✓,✓,✓,✓,✓,✓
上松尾町,12,29,✗,✗,✗,✗,✗,✗,✗,✗,✗,✗,✗,✗,✗,✗,✗,✗,✗,✓,✓,✓,✓,✓,✓,✓,✓,✓,✓,✓,✓
上林町,29,29,✓,✓,✓,✓,✓,✓,✓,✓,✓,✓,✓,✓,✓,✓,✓,✓,✓,✓,✓,✓,✓,✓,✓,✓,✓,✓,✓,✓,✓
上通町,29,29,✓,✓,✓,✓,✓,✓,✓,✓,✓,✓,✓,✓,✓,✓,✓,✓,✓,✓,✓,✓,✓,✓,✓,✓,✓,✓,✓,✓,✓
上鍛冶屋町,29,29,✓,✓,✓,✓,✓,✓,✓,✓,✓,✓,✓,✓,✓,✓,✓,✓,✓,✓,✓,✓,✓,✓,✓,✓,✓,✓,✓,✓,✓
上高橋町,12,29,✓,✓,✓,✓,✓,✓,✓,✓,✓,✓,✓,✗,✗,✗,✗,✗,✗,✗,✗,✗,✗,✗,✗,✗,✗,✗,✗,✗,✓
下南部町,14,29,✓,✓,✓,✓,✓,✓,✓,✓,✓,✓,✓,✓,✓,✗,✗,✗,✗,✗,✗,✗,✗,✗,✗,✗,✗,✗,✗,✗,✓
下硯川町,29,29,✓,✓,✓,✓,✓,✓,✓,✓,✓,✓,✓,✓,✓,✓,✓,✓,✓,✓,✓,✓,✓,✓,✓,✓,✓,✓,✓,✓,✓
世安町,29,29,✓,✓,✓,✓,✓,✓,✓,✓,✓,✓,✓,✓,✓,✓,✓,✓,✓,✓,✓,✓,✓,✓,✓,✓,✓,✓,✓,✓,✓
並建町,29,29,✓,✓,✓,✓,✓,✓,✓,✓,✓,✓,✓,✓,✓,✓,✓,✓,✓,✓,✓,✓,✓,✓,✓,✓,✓,✓,✓,✓,✓
中原町,29,29,✓,✓,✓,✓,✓,✓,✓,✓,✓,✓,✓,✓,✓,✓,✓,✓,✓,✓,✓,✓,✓,✓,✓,✓,✓,✓,✓,✓,✓
中央街,29,29,✓,✓,✓,✓,✓,✓,✓,✓,✓,✓,✓,✓,✓,✓,✓,✓,✓,✓,✓,✓,✓,✓,✓,✓,✓,✓,✓,✓,✓
中島町,29,29,✓,✓,✓,✓,✓,✓,✓,✓,✓,✓,✓,✓,✓,✓,✓,✓,✓,✓,✓,✓,✓,✓,✓,✓,✓,✓,✓,✓,✓
中松尾町,12,29,✗,✗,✗,✗,✗,✗,✗,✗,✗,✗,✗,✗,✗,✗,✗,✗,✗,✓,✓,✓,✓,✓,✓,✓,✓,✓,✓,✓,✓
中江町,29,29,✓,✓,✓,✓,✓,✓,✓,✓,✓,✓,✓,✓,✓,✓,✓,✓,✓,✓,✓,✓,✓,✓,✓,✓,✓,✓,✓,✓,✓
中無田町,29,29,✓,✓,✓,✓,✓,✓,✓,✓,✓,✓,✓,✓,✓,✓,✓,✓,✓,✓,✓,✓,✓,✓,✓,✓,✓,✓,✓,✓,✓
乗越ヶ丘,29,29,✓,✓,✓,✓,✓,✓,✓,✓,✓,✓,✓,✓,✓,✓,✓,✓,✓,✓,✓,✓,✓,✓,✓,✓,✓,✓,✓,✓,✓
二の丸,29,29,✓,✓,✓,✓,✓,✓,✓,✓,✓,✓,✓,✓,✓,✓,✓,✓,✓,✓,✓,✓,✓,✓,✓,✓,✓,✓,✓,✓,✓
井川淵町,29,29,✓,✓,✓,✓,✓,✓,✓,✓,✓,✓,✓,✓,✓,✓,✓,✓,✓,✓,✓,✓,✓,✓,✓,✓,✓,✓,✓,✓,✓
京塚本町,29,29,✓,✓,✓,✓,✓,✓,✓,✓,✓,✓,✓,✓,✓,✓,✓,✓,✓,✓,✓,✓,✓,✓,✓,✓,✓,✓,✓,✓,✓
京町本丁,16,29,✓,✓,✓,✓,✓,✓,✓,✓,✓,✓,✓,✓,✓,✓,✓,✗,✗,✗,✗,✗,✗,✗,✗,✗,✗,✗,✗,✗,✓
京町本丁（中央区）,14,29,✗,✗,✗,✗,✗,✗,✗,✗,✗,✗,✗,✗,✗,✗,✗,✓,✓,✓,✓,✓,✓,✓,✓,✓,✓,✓,✓,✓,✓
京町本丁（西区）,14,29,✗,✗,✗,✗,✗,✗,✗,✗,✗,✗,✗,✗,✗,✗,✗,✓,✓,✓,✓,✓,✓,✓,✓,✓,✓,✓,✓,✓,✓
今町,29,29,✓,✓,✓,✓,✓,✓,✓,✓,✓,✓,✓,✓,✓,✓,✓,✓,✓,✓,✓,✓,✓,✓,✓,✓,✓,✓,✓,✓,✓
会富町,29,29,✓,✓,✓,✓,✓,✓,✓,✓,✓,✓,✓,✓,✓,✓,✓,✓,✓,✓,✓,✓,✓,✓,✓,✓,✓,✓,✓,✓,✓
保田窪本町,29,29,✓,✓,✓,✓,✓,✓,✓,✓,✓,✓,✓,✓,✓,✓,✓,✓,✓,✓,✓,✓,✓,✓,✓,✓,✓,✓,✓,✓,✓
健軍本町,29,29,✓,✓,✓,✓,✓,✓,✓,✓,✓,✓,✓,✓,✓,✓,✓,✓,✓,✓,✓,✓,✓,✓,✓,✓,✓,✓,✓,✓,✓
健軍町,15,29,✓,✓,✓,✓,✓,✓,✓,✓,✓,✓,✓,✓,✓,✓,✗,✗,✗,✗,✗,✗,✗,✗,✗,✗,✗,✗,✗,✗,✓
元三町,29,29,✓,✓,✓,✓,✓,✓,✓,✓,✓,✓,✓,✓,✓,✓,✓,✓,✓,✓,✓,✓,✓,✓,✓,✓,✓,✓,✓,✓,✓
八分字町,29,29,✓,✓,✓,✓,✓,✓,✓,✓,✓,✓,✓,✓,✓,✓,✓,✓,✓,✓,✓,✓,✓,✓,✓,✓,✓,✓,✓,✓,✓
八島町,29,29,✓,✓,✓,✓,✓,✓,✓,✓,✓,✓,✓,✓,✓,✓,✓,✓,✓,✓,✓,✓,✓,✓,✓,✓,✓,✓,✓,✓,✓
八幡町,15,29,✓,✓,✓,✓,✓,✓,✓,✓,✓,✓,✓,✓,✓,✓,✗,✗,✗,✗,✗,✗,✗,✗,✗,✗,✗,✗,✗,✗,✓
八王寺町,16,29,✓,✓,✓,✓,✓,✓,✓,✓,✓,✓,✓,✓,✓,✓,✓,✗,✗,✗,✗,✗,✗,✗,✗,✗,✗,✗,✗,✗,✓
八王寺町（中央区）,14,29,✗,✗,✗,✗,✗,✗,✗,✗,✗,✗,✗,✗,✗,✗,✗,✓,✓,✓,✓,✓,✓,✓,✓,✓,✓,✓,✓,✓,✓
八王寺町（南区）,14,29,✗,✗,✗,✗,✗,✗,✗,✗,✗,✗,✗,✗,✗,✗,✗,✓,✓,✓,✓,✓,✓,✓,✓,✓,✓,✓,✓,✓,✓
内坪井町,29,29,✓,✓,✓,✓,✓,✓,✓,✓,✓,✓,✓,✓,✓,✓,✓,✓,✓,✓,✓,✓,✓,✓,✓,✓,✓,✓,✓,✓,✓
内田町,29,29,✓,✓,✓,✓,✓,✓,✓,✓,✓,✓,✓,✓,✓,✓,✓,✓,✓,✓,✓,✓,✓,✓,✓,✓,✓,✓,✓,✓,✓
出町,29,29,✓,✓,✓,✓,✓,✓,✓,✓,✓,✓,✓,✓,✓,✓,✓,✓,✓,✓,✓,✓,✓,✓,✓,✓,✓,✓,✓,✓,✓
刈草町,11,29,✓,✓,✓,✓,✓,✓,✓,✓,✓,✓,✗,✗,✗,✗,✗,✗,✗,✗,✗,✗,✗,✗,✗,✗,✗,✗,✗,✗,✓
北千反畑町,29,29,✓,✓,✓,✓,✓,✓,✓,✓,✓,✓,✓,✓,✓,✓,✓,✓,✓,✓,✓,✓,✓,✓,✓,✓,✓,✓,✓,✓,✓
北迫町,29,29,✓,✓,✓,✓,✓,✓,✓,✓,✓,✓,✓,✓,✓,✓,✓,✓,✓,✓,✓,✓,✓,✓,✓,✓,✓,✓,✓,✓,✓
十禅寺町,25,29,✓,✓,✓,✓,✓,✓,✓,✓,✓,✓,✓,✓,✓,✓,✓,✓,✓,✓,✓,✓,✓,✓,✓,✓,✗,✗,✗,✗,✓
千葉城町,29,29,✓,✓,✓,✓,✓,✓,✓,✓,✓,✓,✓,✓,✓,✓,✓,✓,✓,✓,✓,✓,✓,✓,✓,✓,✓,✓,✓,✓,✓
南千反畑町,29,29,✓,✓,✓,✓,✓,✓,✓,✓,✓,✓,✓,✓,✓,✓,✓,✓,✓,✓,✓,✓,✓,✓,✓,✓,✓,✓,✓,✓,✓
南坪井町,29,29,✓,✓,✓,✓,✓,✓,✓,✓,✓,✓,✓,✓,✓,✓,✓,✓,✓,✓,✓,✓,✓,✓,✓,✓,✓,✓,✓,✓,✓
南町,29,29,✓,✓,✓,✓,✓,✓,✓,✓,✓,✓,✓,✓,✓,✓,✓,✓,✓,✓,✓,✓,✓,✓,✓,✓,✓,✓,✓,✓,✓
南高江町,29,29,✓,✓,✓,✓,✓,✓,✓,✓,✓,✓,✓,✓,✓,✓,✓,✓,✓,✓,✓,✓,✓,✓,✓,✓,✓,✓,✓,✓,✓
古京町,29,29,✓,✓,✓,✓,✓,✓,✓,✓,✓,✓,✓,✓,✓,✓,✓,✓,✓,✓,✓,✓,✓,✓,✓,✓,✓,✓,✓,✓,✓
古城町,29,29,✓,✓,✓,✓,✓,✓,✓,✓,✓,✓,✓,✓,✓,✓,✓,✓,✓,✓,✓,✓,✓,✓,✓,✓,✓,✓,✓,✓,✓
古大工町,29,29,✓,✓,✓,✓,✓,✓,✓,✓,✓,✓,✓,✓,✓,✓,✓,✓,✓,✓,✓,✓,✓,✓,✓,✓,✓,✓,✓,✓,✓
古川町,29,29,✓,✓,✓,✓,✓,✓,✓,✓,✓,✓,✓,✓,✓,✓,✓,✓,✓,✓,✓,✓,✓,✓,✓,✓,✓,✓,✓,✓,✓
古桶屋町,29,29,✓,✓,✓,✓,✓,✓,✓,✓,✓,✓,✓,✓,✓,✓,✓,✓,✓,✓,✓,✓,✓,✓,✓,✓,✓,✓,✓,✓,✓
合志町,13,29,✓,✓,✓,✓,✓,✓,✓,✓,✓,✓,✓,✓,✗,✗,✗,✗,✗,✗,✗,✗,✗,✗,✗,✗,✗,✗,✗,✗,✓
吉原町,29,29,✓,✓,✓,✓,✓,✓,✓,✓,✓,✓,✓,✓,✓,✓,✓,✓,✓,✓,✓,✓,✓,✓,✓,✓,✓,✓,✓,✓,✓
和泉町,29,29,✓,✓,✓,✓,✓,✓,✓,✓,✓,✓,✓,✓,✓,✓,✓,✓,✓,✓,✓,✓,✓,✓,✓,✓,✓,✓,✓,✓,✓
四方寄町,29,29,✓,✓,✓,✓,✓,✓,✓,✓,✓,✓,✓,✓,✓,✓,✓,✓,✓,✓,✓,✓,✓,✓,✓,✓,✓,✓,✓,✓,✓
国府本町,29,29,✓,✓,✓,✓,✓,✓,✓,✓,✓,✓,✓,✓,✓,✓,✓,✓,✓,✓,✓,✓,✓,✓,✓,✓,✓,✓,✓,✓,✓
土河原町,29,29,✓,✓,✓,✓,✓,✓,✓,✓,✓,✓,✓,✓,✓,✓,✓,✓,✓,✓,✓,✓,✓,✓,✓,✓,✓,✓,✓,✓,✓
城南町下宮地,17,29,✗,✗,✗,✗,✗,✗,✗,✗,✗,✗,✗,✗,✓,✓,✓,✓,✓,✓,✓,✓,✓,✓,✓,✓,✓,✓,✓,✓,✓
城南町丹生宮,17,29,✗,✗,✗,✗,✗,✗,✗,✗,✗,✗,✗,✗,✓,✓,✓,✓,✓,✓,✓,✓,✓,✓,✓,✓,✓,✓,✓,✓,✓
城南町今吉野,17,29,✗,✗,✗,✗,✗,✗,✗,✗,✗,✗,✗,✗,✓,✓,✓,✓,✓,✓,✓,✓,✓,✓,✓,✓,✓,✓,✓,✓,✓
城南町六田,17,29,✗,✗,✗,✗,✗,✗,✗,✗,✗,✗,✗,✗,✓,✓,✓,✓,✓,✓,✓,✓,✓,✓,✓,✓,✓,✓,✓,✓,✓
城南町出水,17,29,✗,✗,✗,✗,✗,✗,✗,✗,✗,✗,✗,✗,✓,✓,✓,✓,✓,✓,✓,✓,✓,✓,✓,✓,✓,✓,✓,✓,✓
城南町千町,17,29,✗,✗,✗,✗,✗,✗,✗,✗,✗,✗,✗,✗,✓,✓,✓,✓,✓,✓,✓,✓,✓,✓,✓,✓,✓,✓,✓,✓,✓
城南町坂野,17,29,✗,✗,✗,✗,✗,✗,✗,✗,✗,✗,✗,✗,✓,✓,✓,✓,✓,✓,✓,✓,✓,✓,✓,✓,✓,✓,✓,✓,✓
城南町塚原,17,29,✗,✗,✗,✗,✗,✗,✗,✗,✗,✗,✗,✗,✓,✓,✓,✓,✓,✓,✓,✓,✓,✓,✓,✓,✓,✓,✓,✓,✓
城南町宮地,17,29,✗,✗,✗,✗,✗,✗,✗,✗,✗,✗,✗,✗,✓,✓,✓,✓,✓,✓,✓,✓,✓,✓,✓,✓,✓,✓,✓,✓,✓
城南町島田,17,29,✗,✗,✗,✗,✗,✗,✗,✗,✗,✗,✗,✗,✓,✓,✓,✓,✓,✓,✓,✓,✓,✓,✓,✓,✓,✓,✓,✓,✓
城南町東阿高,17,29,✗,✗,✗,✗,✗,✗,✗,✗,✗,✗,✗,✗,✓,✓,✓,✓,✓,✓,✓,✓,✓,✓,✓,✓,✓,✓,✓,✓,✓
城南町永,17,29,✗,✗,✗,✗,✗,✗,✗,✗,✗,✗,✗,✗,✓,✓,✓,✓,✓,✓,✓,✓,✓,✓,✓,✓,✓,✓,✓,✓,✓
城南町沈目,17,29,✗,✗,✗,✗,✗,✗,✗,✗,✗,✗,✗,✗,✓,✓,✓,✓,✓,✓,✓,✓,✓,✓,✓,✓,✓,✓,✓,✓,✓
城南町碇,17,29,✗,✗,✗,✗,✗,✗,✗,✗,✗,✗,✗,✗,✓,✓,✓,✓,✓,✓,✓,✓,✓,✓,✓,✓,✓,✓,✓,✓,✓
城南町築地,17,29,✗,✗,✗,✗,✗,✗,✗,✗,✗,✗,✗,✗,✓,✓,✓,✓,✓,✓,✓,✓,✓,✓,✓,✓,✓,✓,✓,✓,✓
城南町舞原,17,29,✗,✗,✗,✗,✗,✗,✗,✗,✗,✗,✗,✗,✓,✓,✓,✓,✓,✓,✓,✓,✓,✓,✓,✓,✓,✓,✓,✓,✓
城南町藤山,17,29,✗,✗,✗,✗,✗,✗,✗,✗,✗,✗,✗,✗,✓,✓,✓,✓,✓,✓,✓,✓,✓,✓,✓,✓,✓,✓,✓,✓,✓
城南町赤見,17,29,✗,✗,✗,✗,✗,✗,✗,✗,✗,✗,✗,✗,✓,✓,✓,✓,✓,✓,✓,✓,✓,✓,✓,✓,✓,✓,✓,✓,✓
城南町阿高,17,29,✗,✗,✗,✗,✗,✗,✗,✗,✗,✗,✗,✗,✓,✓,✓,✓,✓,✓,✓,✓,✓,✓,✓,✓,✓,✓,✓,✓,✓
城南町陳内,17,29,✗,✗,✗,✗,✗,✗,✗,✗,✗,✗,✗,✗,✓,✓,✓,✓,✓,✓,✓,✓,✓,✓,✓,✓,✓,✓,✓,✓,✓
城南町隈庄,17,29,✗,✗,✗,✗,✗,✗,✗,✗,✗,✗,✗,✗,✓,✓,✓,✓,✓,✓,✓,✓,✓,✓,✓,✓,✓,✓,✓,✓,✓
城南町高,17,29,✗,✗,✗,✗,✗,✗,✗,✗,✗,✗,✗,✗,✓,✓,✓,✓,✓,✓,✓,✓,✓,✓,✓,✓,✓,✓,✓,✓,✓
城南町鰐瀬,17,29,✗,✗,✗,✗,✗,✗,✗,✗,✗,✗,✗,✗,✓,✓,✓,✓,✓,✓,✓,✓,✓,✓,✓,✓,✓,✓,✓,✓,✓
城山上代町,29,29,✓,✓,✓,✓,✓,✓,✓,✓,✓,✓,✓,✓,✓,✓,✓,✓,✓,✓,✓,✓,✓,✓,✓,✓,✓,✓,✓,✓,✓
城山下代町,12,29,✓,✓,✓,✓,✓,✓,✓,✓,✓,✓,✓,✗,✗,✗,✗,✗,✗,✗,✗,✗,✗,✗,✗,✗,✗,✗,✗,✗,✓
城山半田町,10,29,✓,✓,✓,✓,✓,✓,✓,✓,✓,✗,✗,✗,✗,✗,✗,✗,✗,✗,✗,✗,✗,✗,✗,✗,✗,✗,✗,✗,✓
城山大塘町,15,29,✓,✓,✓,✓,✓,✓,✓,✓,✓,✓,✓,✓,✓,✓,✗,✗,✗,✗,✗,✗,✗,✗,✗,✗,✗,✗,✗,✗,✓
城山薬師町,10,29,✓,✓,✓,✓,✓,✓,✓,✓,✓,✗,✗,✗,✗,✗,✗,✗,✗,✗,✗,✗,✗,✗,✗,✗,✗,✗,✗,✗,✓
城東町,29,29,✓,✓,✓,✓,✓,✓,✓,✓,✓,✓,✓,✓,✓,✓,✓,✓,✓,✓,✓,✓,✓,✓,✓,✓,✓,✓,✓,✓,✓
大江本町,29,29,✓,✓,✓,✓,✓,✓,✓,✓,✓,✓,✓,✓,✓,✓,✓,✓,✓,✓,✓,✓,✓,✓,✓,✓,✓,✓,✓,✓,✓
大江町大字渡鹿,15,29,✓,✓,✓,✓,✓,✓,✓,✓,✓,✓,✓,✓,✓,✓,✗,✗,✗,✗,✗,✗,✗,✗,✗,✗,✗,✗,✗,✗,✓
大鳥居町,29,29,✓,✓,✓,✓,✓,✓,✓,✓,✓,✓,✓,✓,✓,✓,✓,✓,✓,✓,✓,✓,✓,✓,✓,✓,✓,✓,✓,✓,✓
太郎迫町,29,29,✓,✓,✓,✓,✓,✓,✓,✓,✓,✓,✓,✓,✓,✓,✓,✓,✓,✓,✓,✓,✓,✓,✓,✓,✓,✓,✓,✓,✓
奥古閑町,29,29,✓,✓,✓,✓,✓,✓,✓,✓,✓,✓,✓,✓,✓,✓,✓,✓,✓,✓,✓,✓,✓,✓,✓,✓,✓,✓,✓,✓,✓
妙体寺町,29,29,✓,✓,✓,✓,✓,✓,✓,✓,✓,✓,✓,✓,✓,✓,✓,✓,✓,✓,✓,✓,✓,✓,✓,✓,✓,✓,✓,✓,✓
子飼本町,29,29,✓,✓,✓,✓,✓,✓,✓,✓,✓,✓,✓,✓,✓,✓,✓,✓,✓,✓,✓,✓,✓,✓,✓,✓,✓,✓,✓,✓,✓
孫代町,29,29,✓,✓,✓,✓,✓,✓,✓,✓,✓,✓,✓,✓,✓,✓,✓,✓,✓,✓,✓,✓,✓,✓,✓,✓,✓,✓,✓,✓,✓
安政町,29,29,✓,✓,✓,✓,✓,✓,✓,✓,✓,✓,✓,✓,✓,✓,✓,✓,✓,✓,✓,✓,✓,✓,✓,✓,✓,✓,✓,✓,✓
室園町,16,29,✓,✓,✓,✓,✓,✓,✓,✓,✓,✓,✓,✓,✓,✓,✓,✗,✗,✗,✗,✗,✗,✗,✗,✗,✗,✗,✗,✗,✓
室園町（中央区）,14,29,✗,✗,✗,✗,✗,✗,✗,✗,✗,✗,✗,✗,✗,✗,✗,✓,✓,✓,✓,✓,✓,✓,✓,✓,✓,✓,✓,✓,✓
室園町（北区）,14,29,✗,✗,✗,✗,✗,✗,✗,✗,✗,✗,✗,✗,✗,✗,✗,✓,✓,✓,✓,✓,✓,✓,✓,✓,✓,✓,✓,✓,✓
宮内,29,29,✓,✓,✓,✓,✓,✓,✓,✓,✓,✓,✓,✓,✓,✓,✓,✓,✓,✓,✓,✓,✓,✓,✓,✓,✓,✓,✓,✓,✓
富合町上杉,17,29,✗,✗,✗,✗,✗,✗,✗,✗,✗,✗,✗,✗,✓,✓,✓,✓,✓,✓,✓,✓,✓,✓,✓,✓,✓,✓,✓,✓,✓
富合町南田尻,17,29,✗,✗,✗,✗,✗,✗,✗,✗,✗,✗,✗,✗,✓,✓,✓,✓,✓,✓,✓,✓,✓,✓,✓,✓,✓,✓,✓,✓,✓
富合町古閑,17,29,✗,✗,✗,✗,✗,✗,✗,✗,✗,✗,✗,✗,✓,✓,✓,✓,✓,✓,✓,✓,✓,✓,✓,✓,✓,✓,✓,✓,✓
富合町国町,17,29,✗,✗,✗,✗,✗,✗,✗,✗,✗,✗,✗,✗,✓,✓,✓,✓,✓,✓,✓,✓,✓,✓,✓,✓,✓,✓,✓,✓,✓
富合町大町,17,29,✗,✗,✗,✗,✗,✗,✗,✗,✗,✗,✗,✗,✓,✓,✓,✓,✓,✓,✓,✓,✓,✓,✓,✓,✓,✓,✓,✓,✓
富合町小岩瀬,17,29,✗,✗,✗,✗,✗,✗,✗,✗,✗,✗,✗,✗,✓,✓,✓,✓,✓,✓,✓,✓,✓,✓,✓,✓,✓,✓,✓,✓,✓
富合町平原,17,29,✗,✗,✗,✗,✗,✗,✗,✗,✗,✗,✗,✗,✓,✓,✓,✓,✓,✓,✓,✓,✓,✓,✓,✓,✓,✓,✓,✓,✓
富合町廻江,17,29,✗,✗,✗,✗,✗,✗,✗,✗,✗,✗,✗,✗,✓,✓,✓,✓,✓,✓,✓,✓,✓,✓,✓,✓,✓,✓,✓,✓,✓
富合町御船手,17,29,✗,✗,✗,✗,✗,✗,✗,✗,✗,✗,✗,✗,✓,✓,✓,✓,✓,✓,✓,✓,✓,✓,✓,✓,✓,✓,✓,✓,✓
富合町志々水,17,29,✗,✗,✗,✗,✗,✗,✗,✗,✗,✗,✗,✗,✓,✓,✓,✓,✓,✓,✓,✓,✓,✓,✓,✓,✓,✓,✓,✓,✓
富合町新,17,29,✗,✗,✗,✗,✗,✗,✗,✗,✗,✗,✗,✗,✓,✓,✓,✓,✓,✓,✓,✓,✓,✓,✓,✓,✓,✓,✓,✓,✓
富合町木原,17,29,✗,✗,✗,✗,✗,✗,✗,✗,✗,✗,✗,✗,✓,✓,✓,✓,✓,✓,✓,✓,✓,✓,✓,✓,✓,✓,✓,✓,✓
富合町杉島,17,29,✗,✗,✗,✗,✗,✗,✗,✗,✗,✗,✗,✗,✓,✓,✓,✓,✓,✓,✓,✓,✓,✓,✓,✓,✓,✓,✓,✓,✓
富合町榎津,17,29,✗,✗,✗,✗,✗,✗,✗,✗,✗,✗,✗,✗,✓,✓,✓,✓,✓,✓,✓,✓,✓,✓,✓,✓,✓,✓,✓,✓,✓
富合町清藤,17,29,✗,✗,✗,✗,✗,✗,✗,✗,✗,✗,✗,✗,✓,✓,✓,✓,✓,✓,✓,✓,✓,✓,✓,✓,✓,✓,✓,✓,✓
富合町田尻,17,29,✗,✗,✗,✗,✗,✗,✗,✗,✗,✗,✗,✗,✓,✓,✓,✓,✓,✓,✓,✓,✓,✓,✓,✓,✓,✓,✓,✓,✓
富合町硴江,17,29,✗,✗,✗,✗,✗,✗,✗,✗,✗,✗,✗,✗,✓,✓,✓,✓,✓,✓,✓,✓,✓,✓,✓,✓,✓,✓,✓,✓,✓
富合町莎崎,17,29,✗,✗,✗,✗,✗,✗,✗,✗,✗,✗,✗,✗,✓,✓,✓,✓,✓,✓,✓,✓,✓,✓,✓,✓,✓,✓,✓,✓,✓
富合町菰江,17,29,✗,✗,✗,✗,✗,✗,✗,✗,✗,✗,✗,✗,✓,✓,✓,✓,✓,✓,✓,✓,✓,✓,✓,✓,✓,✓,✓,✓,✓
富合町西田尻,17,29,✗,✗,✗,✗,✗,✗,✗,✗,✗,✗,✗,✗,✓,✓,✓,✓,✓,✓,✓,✓,✓,✓,✓,✓,✓,✓,✓,✓,✓
富合町釈迦堂,17,29,✗,✗,✗,✗,✗,✗,✗,✗,✗,✗,✗,✗,✓,✓,✓,✓,✓,✓,✓,✓,✓,✓,✓,✓,✓,✓,✓,✓,✓
小山町,29,29,✓,✓,✓,✓,✓,✓,✓,✓,✓,✓,✓,✓,✓,✓,✓,✓,✓,✓,✓,✓,✓,✓,✓,✓,✓,✓,✓,✓,✓
小島上町,29,29,✓,✓,✓,✓,✓,✓,✓,✓,✓,✓,✓,✓,✓,✓,✓,✓,✓,✓,✓,✓,✓,✓,✓,✓,✓,✓,✓,✓,✓
小島下町,29,29,✓,✓,✓,✓,✓,✓,✓,✓,✓,✓,✓,✓,✓,✓,✓,✓,✓,✓,✓,✓,✓,✓,✓,✓,✓,✓,✓,✓,✓
小島中町,12,29,✓,✓,✓,✓,✓,✓,✓,✓,✓,✓,✓,✗,✗,✗,✗,✗,✗,✗,✗,✗,✗,✗,✗,✗,✗,✗,✗,✗,✓
小沢町,29,29,✓,✓,✓,✓,✓,✓,✓,✓,✓,✓,✓,✓,✓,✓,✓,✓,✓,✓,✓,✓,✓,✓,✓,✓,✓,✓,✓,✓,✓
小糸山町,29,29,✓,✓,✓,✓,✓,✓,✓,✓,✓,✓,✓,✓,✓,✓,✓,✓,✓,✓,✓,✓,✓,✓,✓,✓,✓,✓,✓,✓,✓
山崎町,29,29,✓,✓,✓,✓,✓,✓,✓,✓,✓,✓,✓,✓,✓,✓,✓,✓,✓,✓,✓,✓,✓,✓,✓,✓,✓,✓,✓,✓,✓
岡田町,29,29,✓,✓,✓,✓,✓,✓,✓,✓,✓,✓,✓,✓,✓,✓,✓,✓,✓,✓,✓,✓,✓,✓,✓,✓,✓,✓,✓,✓,✓
島町,14,29,✓,✓,✓,✓,✓,✓,✓,✓,✓,✓,✓,✓,✓,✗,✗,✗,✗,✗,✗,✗,✗,✗,✗,✗,✗,✗,✗,✗,✓
川尻町,15,29,✓,✓,✓,✓,✓,✓,✓,✓,✓,✓,✓,✓,✓,✓,✗,✗,✗,✗,✗,✗,✗,✗,✗,✗,✗,✗,✗,✗,✓
川端町,29,29,✓,✓,✓,✓,✓,✓,✓,✓,✓,✓,✓,✓,✓,✓,✓,✓,✓,✓,✓,✓,✓,✓,✓,✓,✓,✓,✓,✓,✓
平山町,29,29,✓,✓,✓,✓,✓,✓,✓,✓,✓,✓,✓,✓,✓,✓,✓,✓,✓,✓,✓,✓,✓,✓,✓,✓,✓,✓,✓,✓,✓
広木町,29,29,✓,✓,✓,✓,✓,✓,✓,✓,✓,✓,✓,✓,✓,✓,✓,✓,✓,✓,✓,✓,✓,✓,✓,✓,✓,✓,✓,✓,✓
弓削町,29,29,✓,✓,✓,✓,✓,✓,✓,✓,✓,✓,✓,✓,✓,✓,✓,✓,✓,✓,✓,✓,✓,✓,✓,✓,✓,✓,✓,✓,✓
弥生町,29,29,✓,✓,✓,✓,✓,✓,✓,✓,✓,✓,✓,✓,✓,✓,✓,✓,✓,✓,✓,✓,✓,✓,✓,✓,✓,✓,✓,✓,✓
御幸木部町,29,29,✓,✓,✓,✓,✓,✓,✓,✓,✓,✓,✓,✓,✓,✓,✓,✓,✓,✓,✓,✓,✓,✓,✓,✓,✓,✓,✓,✓,✓
御幸笛田町,29,29,✓,✓,✓,✓,✓,✓,✓,✓,✓,✓,✓,✓,✓,✓,✓,✓,✓,✓,✓,✓,✓,✓,✓,✓,✓,✓,✓,✓,✓
御幸西無田町,29,29,✓,✓,✓,✓,✓,✓,✓,✓,✓,✓,✓,✓,✓,✓,✓,✓,✓,✓,✓,✓,✓,✓,✓,✓,✓,✓,✓,✓,✓
御領町,14,29,✓,✓,✓,✓,✓,✓,✓,✓,✓,✓,✓,✓,✓,✗,✗,✗,✗,✗,✗,✗,✗,✗,✗,✗,✗,✗,✗,✗,✓
徳王町,29,29,✓,✓,✓,✓,✓,✓,✓,✓,✓,✓,✓,✓,✓,✓,✓,✓,✓,✓,✓,✓,✓,✓,✓,✓,✓,✓,✓,✓,✓
慶徳堀町,29,29,✓,✓,✓,✓,✓,✓,✓,✓,✓,✓,✓,✓,✓,✓,✓,✓,✓,✓,✓,✓,✓,✓,✓,✓,✓,✓,✓,✓,✓
戸坂町,29,29,✓,✓,✓,✓,✓,✓,✓,✓,✓,✓,✓,✓,✓,✓,✓,✓,✓,✓,✓,✓,✓,✓,✓,✓,✓,✓,✓,✓,✓
戸島本町,21,29,✗,✗,✗,✗,✗,✗,✗,✗,✓,✓,✓,✓,✓,✓,✓,✓,✓,✓,✓,✓,✓,✓,✓,✓,✓,✓,✓,✓,✓
戸島町,29,29,✓,✓,✓,✓,✓,✓,✓,✓,✓,✓,✓,✓,✓,✓,✓,✓,✓,✓,✓,✓,✓,✓,✓,✓,✓,✓,✓,✓,✓
手取本町,29,29,✓,✓,✓,✓,✓,✓,✓,✓,✓,✓,✓,✓,✓,✓,✓,✓,✓,✓,✓,✓,✓,✓,✓,✓,✓,✓,✓,✓,✓
打越町,29,29,✓,✓,✓,✓,✓,✓,✓,✓,✓,✓,✓,✓,✓,✓,✓,✓,✓,✓,✓,✓,✓,✓,✓,✓,✓,✓,✓,✓,✓
改寄町,29,29,✓,✓,✓,✓,✓,✓,✓,✓,✓,✓,✓,✓,✓,✓,✓,✓,✓,✓,✓,✓,✓,✓,✓,✓,✓,✓,✓,✓,✓
新南部町,15,29,✓,✓,✓,✓,✓,✓,✓,✓,✓,✓,✓,✓,✓,✓,✗,✗,✗,✗,✗,✗,✗,✗,✗,✗,✗,✗,✗,✗,✓
新土河原町,4,29,✓,✓,✓,✗,✗,✗,✗,✗,✗,✗,✗,✗,✗,✗,✗,✗,✗,✗,✗,✗,✗,✗,✗,✗,✗,✗,✗,✗,✓
新市街,29,29,✓,✓,✓,✓,✓,✓,✓,✓,✓,✓,✓,✓,✓,✓,✓,✓,✓,✓,✓,✓,✓,✓,✓,✓,✓,✓,✓,✓,✓
新鍛冶屋町,29,29,✓,✓,✓,✓,✓,✓,✓,✓,✓,✓,✓,✓,✓,✓,✓,✓,✓,✓,✓,✓,✓,✓,✓,✓,✓,✓,✓,✓,✓
明徳町,29,29,✓,✓,✓,✓,✓,✓,✓,✓,✓,✓,✓,✓,✓,✓,✓,✓,✓,✓,✓,✓,✓,✓,✓,✓,✓,✓,✓,✓,✓
春日町,15,29,✓,✓,✓,✓,✓,✓,✓,✓,✓,✓,✓,✓,✓,✓,✗,✗,✗,✗,✗,✗,✗,✗,✗,✗,✗,✗,✗,✗,✓
春竹町大字春竹,29,29,✓,✓,✓,✓,✓,✓,✓,✓,✓,✓,✓,✓,✓,✓,✓,✓,✓,✓,✓,✓,✓,✓,✓,✓,✓,✓,✓,✓,✓
昭和町,29,29,✓,✓,✓,✓,✓,✓,✓,✓,✓,✓,✓,✓,✓,✓,✓,✓,✓,✓,✓,✓,✓,✓,✓,✓,✓,✓,✓,✓,✓
本丸,29,29,✓,✓,✓,✓,✓,✓,✓,✓,✓,✓,✓,✓,✓,✓,✓,✓,✓,✓,✓,✓,✓,✓,✓,✓,✓,✓,✓,✓,✓
本山町,29,29,✓,✓,✓,✓,✓,✓,✓,✓,✓,✓,✓,✓,✓,✓,✓,✓,✓,✓,✓,✓,✓,✓,✓,✓,✓,✓,✓,✓,✓
本荘町,29,29,✓,✓,✓,✓,✓,✓,✓,✓,✓,✓,✓,✓,✓,✓,✓,✓,✓,✓,✓,✓,✓,✓,✓,✓,✓,✓,✓,✓,✓
東京塚町,16,29,✓,✓,✓,✓,✓,✓,✓,✓,✓,✓,✓,✓,✓,✓,✓,✗,✗,✗,✗,✗,✗,✗,✗,✗,✗,✗,✗,✗,✓
東京塚町（中央区）,14,29,✗,✗,✗,✗,✗,✗,✗,✗,✗,✗,✗,✗,✗,✗,✗,✓,✓,✓,✓,✓,✓,✓,✓,✓,✓,✓,✓,✓,✓
東京塚町（東区）,14,29,✗,✗,✗,✗,✗,✗,✗,✗,✗,✗,✗,✗,✗,✗,✗,✓,✓,✓,✓,✓,✓,✓,✓,✓,✓,✓,✓,✓,✓
東子飼町,29,29,✓,✓,✓,✓,✓,✓,✓,✓,✓,✓,✓,✓,✓,✓,✓,✓,✓,✓,✓,✓,✓,✓,✓,✓,✓,✓,✓,✓,✓
東本町,29,29,✓,✓,✓,✓,✓,✓,✓,✓,✓,✓,✓,✓,✓,✓,✓,✓,✓,✓,✓,✓,✓,✓,✓,✓,✓,✓,✓,✓,✓
東町,15,29,✓,✓,✓,✓,✓,✓,✓,✓,✓,✓,✓,✓,✓,✓,✗,✗,✗,✗,✗,✗,✗,✗,✗,✗,✗,✗,✗,✗,✓
東阿弥陀寺町,29,29,✓,✓,✓,✓,✓,✓,✓,✓,✓,✓,✓,✓,✓,✓,✓,✓,✓,✓,✓,✓,✓,✓,✓,✓,✓,✓,✓,✓,✓
松原町,29,29,✓,✓,✓,✓,✓,✓,✓,✓,✓,✓,✓,✓,✓,✓,✓,✓,✓,✓,✓,✓,✓,✓,✓,✓,✓,✓,✓,✓,✓
松尾町上松尾,29,29,✓,✓,✓,✓,✓,✓,✓,✓,✓,✓,✓,✓,✓,✓,✓,✓,✓,✓,✓,✓,✓,✓,✓,✓,✓,✓,✓,✓,✓
松尾町平山,29,29,✓,✓,✓,✓,✓,✓,✓,✓,✓,✓,✓,✓,✓,✓,✓,✓,✓,✓,✓,✓,✓,✓,✓,✓,✓,✓,✓,✓,✓
松尾町近津,29,29,✓,✓,✓,✓,✓,✓,✓,✓,✓,✓,✓,✓,✓,✓,✓,✓,✓,✓,✓,✓,✓,✓,✓,✓,✓,✓,✓,✓,✓
板屋町,29,29,✓,✓,✓,✓,✓,✓,✓,✓,✓,✓,✓,✓,✓,✓,✓,✓,✓,✓,✓,✓,✓,✓,✓,✓,✓,✓,✓,✓,✓
栄町,29,29,✓,✓,✓,✓,✓,✓,✓,✓,✓,✓,✓,✓,✓,✓,✓,✓,✓,✓,✓,✓,✓,✓,✓,✓,✓,✓,✓,✓,✓
桜町,29,29,✓,✓,✓,✓,✓,✓,✓,✓,✓,✓,✓,✓,✓,✓,✓,✓,✓,✓,✓,✓,✓,✓,✓,✓,✓,✓,✓,✓,✓
梶尾町,29,29,✓,✓,✓,✓,✓,✓,✓,✓,✓,✓,✓,✓,✓,✓,✓,✓,✓,✓,✓,✓,✓,✓,✓,✓,✓,✓,✓,✓,✓
植木町一木,17,29,✗,✗,✗,✗,✗,✗,✗,✗,✗,✗,✗,✗,✓,✓,✓,✓,✓,✓,✓,✓,✓,✓,✓,✓,✓,✓,✓,✓,✓
植木町上古閑,17,29,✗,✗,✗,✗,✗,✗,✗,✗,✗,✗,✗,✗,✓,✓,✓,✓,✓,✓,✓,✓,✓,✓,✓,✓,✓,✓,✓,✓,✓
植木町亀甲,17,29,✗,✗,✗,✗,✗,✗,✗,✗,✗,✗,✗,✗,✓,✓,✓,✓,✓,✓,✓,✓,✓,✓,✓,✓,✓,✓,✓,✓,✓
植木町今藤,17,29,✗,✗,✗,✗,✗,✗,✗,✗,✗,✗,✗,✗,✓,✓,✓,✓,✓,✓,✓,✓,✓,✓,✓,✓,✓,✓,✓,✓,✓
植木町伊知坊,17,29,✗,✗,✗,✗,✗,✗,✗,✗,✗,✗,✗,✗,✓,✓,✓,✓,✓,✓,✓,✓,✓,✓,✓,✓,✓,✓,✓,✓,✓
植木町内,17,29,✗,✗,✗,✗,✗,✗,✗,✗,✗,✗,✗,✗,✓,✓,✓,✓,✓,✓,✓,✓,✓,✓,✓,✓,✓,✓,✓,✓,✓
植木町円台寺,17,29,✗,✗,✗,✗,✗,✗,✗,✗,✗,✗,✗,✗,✓,✓,✓,✓,✓,✓,✓,✓,✓,✓,✓,✓,✓,✓,✓,✓,✓
植木町古閑,17,29,✗,✗,✗,✗,✗,✗,✗,✗,✗,✗,✗,✗,✓,✓,✓,✓,✓,✓,✓,✓,✓,✓,✓,✓,✓,✓,✓,✓,✓
植木町味取,17,29,✗,✗,✗,✗,✗,✗,✗,✗,✗,✗,✗,✗,✓,✓,✓,✓,✓,✓,✓,✓,✓,✓,✓,✓,✓,✓,✓,✓,✓
植木町大井,17,29,✗,✗,✗,✗,✗,✗,✗,✗,✗,✗,✗,✗,✓,✓,✓,✓,✓,✓,✓,✓,✓,✓,✓,✓,✓,✓,✓,✓,✓
植木町大和,17,29,✗,✗,✗,✗,✗,✗,✗,✗,✗,✗,✗,✗,✓,✓,✓,✓,✓,✓,✓,✓,✓,✓,✓,✓,✓,✓,✓,✓,✓
植木町宮原,17,29,✗,✗,✗,✗,✗,✗,✗,✗,✗,✗,✗,✗,✓,✓,✓,✓,✓,✓,✓,✓,✓,✓,✓,✓,✓,✓,✓,✓,✓
植木町富応,17,29,✗,✗,✗,✗,✗,✗,✗,✗,✗,✗,✗,✗,✓,✓,✓,✓,✓,✓,✓,✓,✓,✓,✓,✓,✓,✓,✓,✓,✓
植木町小野,17,29,✗,✗,✗,✗,✗,✗,✗,✗,✗,✗,✗,✗,✓,✓,✓,✓,✓,✓,✓,✓,✓,✓,✓,✓,✓,✓,✓,✓,✓
植木町山本,17,29,✗,✗,✗,✗,✗,✗,✗,✗,✗,✗,✗,✗,✓,✓,✓,✓,✓,✓,✓,✓,✓,✓,✓,✓,✓,✓,✓,✓,✓
植木町岩野,17,29,✗,✗,✗,✗,✗,✗,✗,✗,✗,✗,✗,✗,✓,✓,✓,✓,✓,✓,✓,✓,✓,✓,✓,✓,✓,✓,✓,✓,✓
植木町平井,17,29,✗,✗,✗,✗,✗,✗,✗,✗,✗,✗,✗,✗,✓,✓,✓,✓,✓,✓,✓,✓,✓,✓,✓,✓,✓,✓,✓,✓,✓
植木町平原,17,29,✗,✗,✗,✗,✗,✗,✗,✗,✗,✗,✗,✗,✓,✓,✓,✓,✓,✓,✓,✓,✓,✓,✓,✓,✓,✓,✓,✓,✓
植木町平野,17,29,✗,✗,✗,✗,✗,✗,✗,✗,✗,✗,✗,✗,✓,✓,✓,✓,✓,✓,✓,✓,✓,✓,✓,✓,✓,✓,✓,✓,✓
植木町広住,17,29,✗,✗,✗,✗,✗,✗,✗,✗,✗,✗,✗,✗,✓,✓,✓,✓,✓,✓,✓,✓,✓,✓,✓,✓,✓,✓,✓,✓,✓
植木町後古閑,17,29,✗,✗,✗,✗,✗,✗,✗,✗,✗,✗,✗,✗,✓,✓,✓,✓,✓,✓,✓,✓,✓,✓,✓,✓,✓,✓,✓,✓,✓
植木町投刀塚,17,29,✗,✗,✗,✗,✗,✗,✗,✗,✗,✗,✗,✗,✓,✓,✓,✓,✓,✓,✓,✓,✓,✓,✓,✓,✓,✓,✓,✓,✓
植木町有泉,17,29,✗,✗,✗,✗,✗,✗,✗,✗,✗,✗,✗,✗,✓,✓,✓,✓,✓,✓,✓,✓,✓,✓,✓,✓,✓,✓,✓,✓,✓
植木町木留,17,29,✗,✗,✗,✗,✗,✗,✗,✗,✗,✗,✗,✗,✓,✓,✓,✓,✓,✓,✓,✓,✓,✓,✓,✓,✓,✓,✓,✓,✓
植木町植木,17,29,✗,✗,✗,✗,✗,✗,✗,✗,✗,✗,✗,✗,✓,✓,✓,✓,✓,✓,✓,✓,✓,✓,✓,✓,✓,✓,✓,✓,✓
植木町正清,17,29,✗,✗,✗,✗,✗,✗,✗,✗,✗,✗,✗,✗,✓,✓,✓,✓,✓,✓,✓,✓,✓,✓,✓,✓,✓,✓,✓,✓,✓
植木町清水,17,29,✗,✗,✗,✗,✗,✗,✗,✗,✗,✗,✗,✗,✓,✓,✓,✓,✓,✓,✓,✓,✓,✓,✓,✓,✓,✓,✓,✓,✓
植木町滴水,17,29,✗,✗,✗,✗,✗,✗,✗,✗,✗,✗,✗,✗,✓,✓,✓,✓,✓,✓,✓,✓,✓,✓,✓,✓,✓,✓,✓,✓,✓
植木町田底,17,29,✗,✗,✗,✗,✗,✗,✗,✗,✗,✗,✗,✗,✓,✓,✓,✓,✓,✓,✓,✓,✓,✓,✓,✓,✓,✓,✓,✓,✓
植木町石川,17,29,✗,✗,✗,✗,✗,✗,✗,✗,✗,✗,✗,✗,✓,✓,✓,✓,✓,✓,✓,✓,✓,✓,✓,✓,✓,✓,✓,✓,✓
植木町米塚,17,29,✗,✗,✗,✗,✗,✗,✗,✗,✗,✗,✗,✗,✓,✓,✓,✓,✓,✓,✓,✓,✓,✓,✓,✓,✓,✓,✓,✓,✓
植木町舞尾,17,29,✗,✗,✗,✗,✗,✗,✗,✗,✗,✗,✗,✗,✓,✓,✓,✓,✓,✓,✓,✓,✓,✓,✓,✓,✓,✓,✓,✓,✓
植木町舟島,17,29,✗,✗,✗,✗,✗,✗,✗,✗,✗,✗,✗,✗,✓,✓,✓,✓,✓,✓,✓,✓,✓,✓,✓,✓,✓,✓,✓,✓,✓
植木町色出,17,29,✗,✗,✗,✗,✗,✗,✗,✗,✗,✗,✗,✗,✓,✓,✓,✓,✓,✓,✓,✓,✓,✓,✓,✓,✓,✓,✓,✓,✓
植木町荻迫,17,29,✗,✗,✗,✗,✗,✗,✗,✗,✗,✗,✗,✗,✓,✓,✓,✓,✓,✓,✓,✓,✓,✓,✓,✓,✓,✓,✓,✓,✓
植木町豊岡,17,29,✗,✗,✗,✗,✗,✗,✗,✗,✗,✗,✗,✗,✓,✓,✓,✓,✓,✓,✓,✓,✓,✓,✓,✓,✓,✓,✓,✓,✓
植木町豊田,17,29,✗,✗,✗,✗,✗,✗,✗,✗,✗,✗,✗,✗,✓,✓,✓,✓,✓,✓,✓,✓,✓,✓,✓,✓,✓,✓,✓,✓,✓
植木町轟,17,29,✗,✗,✗,✗,✗,✗,✗,✗,✗,✗,✗,✗,✓,✓,✓,✓,✓,✓,✓,✓,✓,✓,✓,✓,✓,✓,✓,✓,✓
植木町辺田野,17,29,✗,✗,✗,✗,✗,✗,✗,✗,✗,✗,✗,✗,✓,✓,✓,✓,✓,✓,✓,✓,✓,✓,✓,✓,✓,✓,✓,✓,✓
植木町那知,17,29,✗,✗,✗,✗,✗,✗,✗,✗,✗,✗,✗,✗,✓,✓,✓,✓,✓,✓,✓,✓,✓,✓,✓,✓,✓,✓,✓,✓,✓
植木町鈴麦,17,29,✗,✗,✗,✗,✗,✗,✗,✗,✗,✗,✗,✗,✓,✓,✓,✓,✓,✓,✓,✓,✓,✓,✓,✓,✓,✓,✓,✓,✓
植木町鐙田,17,29,✗,✗,✗,✗,✗,✗,✗,✗,✗,✗,✗,✗,✓,✓,✓,✓,✓,✓,✓,✓,✓,✓,✓,✓,✓,✓,✓,✓,✓
植木町鞍掛,17,29,✗,✗,✗,✗,✗,✗,✗,✗,✗,✗,✗,✗,✓,✓,✓,✓,✓,✓,✓,✓,✓,✓,✓,✓,✓,✓,✓,✓,✓
楠野町,29,29,✓,✓,✓,✓,✓,✓,✓,✓,✓,✓,✓,✓,✓,✓,✓,✓,✓,✓,✓,✓,✓,✓,✓,✓,✓,✓,✓,✓,✓
榎町,29,29,✓,✓,✓,✓,✓,✓,✓,✓,✓,✓,✓,✓,✓,✓,✓,✓,✓,✓,✓,✓,✓,✓,✓,✓,✓,✓,✓,✓,✓
横紺屋町,29,29,✓,✓,✓,✓,✓,✓,✓,✓,✓,✓,✓,✓,✓,✓,✓,✓,✓,✓,✓,✓,✓,✓,✓,✓,✓,✓,✓,✓,✓
段山本町,29,29,✓,✓,✓,✓,✓,✓,✓,✓,✓,✓,✓,✓,✓,✓,✓,✓,✓,✓,✓,✓,✓,✓,✓,✓,✓,✓,✓,✓,✓
水前寺公園,29,29,✓,✓,✓,✓,✓,✓,✓,✓,✓,✓,✓,✓,✓,✓,✓,✓,✓,✓,✓,✓,✓,✓,✓,✓,✓,✓,✓,✓,✓
水道町,29,29,✓,✓,✓,✓,✓,✓,✓,✓,✓,✓,✓,✓,✓,✓,✓,✓,✓,✓,✓,✓,✓,✓,✓,✓,✓,✓,✓,✓,✓
池上町,29,29,✓,✓,✓,✓,✓,✓,✓,✓,✓,✓,✓,✓,✓,✓,✓,✓,✓,✓,✓,✓,✓,✓,✓,✓,✓,✓,✓,✓,✓
池亀町,29,29,✓,✓,✓,✓,✓,✓,✓,✓,✓,✓,✓,✓,✓,✓,✓,✓,✓,✓,✓,✓,✓,✓,✓,✓,✓,✓,✓,✓,✓
沖新町,29,29,✓,✓,✓,✓,✓,✓,✓,✓,✓,✓,✓,✓,✓,✓,✓,✓,✓,✓,✓,✓,✓,✓,✓,✓,✓,✓,✓,✓,✓
河内町大多尾,29,29,✓,✓,✓,✓,✓,✓,✓,✓,✓,✓,✓,✓,✓,✓,✓,✓,✓,✓,✓,✓,✓,✓,✓,✓,✓,✓,✓,✓,✓
河内町岳,29,29,✓,✓,✓,✓,✓,✓,✓,✓,✓,✓,✓,✓,✓,✓,✓,✓,✓,✓,✓,✓,✓,✓,✓,✓,✓,✓,✓,✓,✓
河内町東門寺,29,29,✓,✓,✓,✓,✓,✓,✓,✓,✓,✓,✓,✓,✓,✓,✓,✓,✓,✓,✓,✓,✓,✓,✓,✓,✓,✓,✓,✓,✓
河内町河内,29,29,✓,✓,✓,✓,✓,✓,✓,✓,✓,✓,✓,✓,✓,✓,✓,✓,✓,✓,✓,✓,✓,✓,✓,✓,✓,✓,✓,✓,✓
河内町白浜,29,29,✓,✓,✓,✓,✓,✓,✓,✓,✓,✓,✓,✓,✓,✓,✓,✓,✓,✓,✓,✓,✓,✓,✓,✓,✓,✓,✓,✓,✓
河内町船津,29,29,✓,✓,✓,✓,✓,✓,✓,✓,✓,✓,✓,✓,✓,✓,✓,✓,✓,✓,✓,✓,✓,✓,✓,✓,✓,✓,✓,✓,✓
河内町野出,29,29,✓,✓,✓,✓,✓,✓,✓,✓,✓,✓,✓,✓,✓,✓,✓,✓,✓,✓,✓,✓,✓,✓,✓,✓,✓,✓,✓,✓,✓
河内町面木,29,29,✓,✓,✓,✓,✓,✓,✓,✓,✓,✓,✓,✓,✓,✓,✓,✓,✓,✓,✓,✓,✓,✓,✓,✓,✓,✓,✓,✓,✓
河原町,29,29,✓,✓,✓,✓,✓,✓,✓,✓,✓,✓,✓,✓,✓,✓,✓,✓,✓,✓,✓,✓,✓,✓,✓,✓,✓,✓,✓,✓,✓
津浦町,16,29,✓,✓,✓,✓,✓,✓,✓,✓,✓,✓,✓,✓,✓,✓,✓,✗,✗,✗,✗,✗,✗,✗,✗,✗,✗,✗,✗,✗,✓
津浦町（北区）,14,29,✗,✗,✗,✗,✗,✗,✗,✗,✗,✗,✗,✗,✗,✗,✗,✓,✓,✓,✓,✓,✓,✓,✓,✓,✓,✓,✓,✓,✓
津浦町（西区）,14,29,✗,✗,✗,✗,✗,✗,✗,✗,✗,✗,✗,✗,✗,✗,✗,✓,✓,✓,✓,✓,✓,✓,✓,✓,✓,✓,✓,✓,✓
清水亀井町,29,29,✓,✓,✓,✓,✓,✓,✓,✓,✓,✓,✓,✓,✓,✓,✓,✓,✓,✓,✓,✓,✓,✓,✓,✓,✓,✓,✓,✓,✓
清水本町,29,29,✓,✓,✓,✓,✓,✓,✓,✓,✓,✓,✓,✓,✓,✓,✓,✓,✓,✓,✓,✓,✓,✓,✓,✓,✓,✓,✓,✓,✓
清水東町,29,29,✓,✓,✓,✓,✓,✓,✓,✓,✓,✓,✓,✓,✓,✓,✓,✓,✓,✓,✓,✓,✓,✓,✓,✓,✓,✓,✓,✓,✓
清水町大字万石,12,29,✓,✓,✓,✓,✓,✓,✓,✓,✓,✓,✓,✗,✗,✗,✗,✗,✗,✗,✗,✗,✗,✗,✗,✗,✗,✗,✗,✗,✓
清水町大字亀井,11,29,✓,✓,✓,✓,✓,✓,✓,✓,✓,✓,✗,✗,✗,✗,✗,✗,✗,✗,✗,✗,✗,✗,✗,✗,✗,✗,✗,✗,✓
清水町大字兎谷,10,29,✓,✓,✓,✓,✓,✓,✓,✓,✓,✗,✗,✗,✗,✗,✗,✗,✗,✗,✗,✗,✗,✗,✗,✗,✗,✗,✗,✗,✓
清水町大字大窪,13,29,✓,✓,✓,✓,✓,✓,✓,✓,✓,✓,✓,✓,✗,✗,✗,✗,✗,✗,✗,✗,✗,✗,✗,✗,✗,✗,✗,✗,✓
清水町大字室園,29,29,✓,✓,✓,✓,✓,✓,✓,✓,✓,✓,✓,✓,✓,✓,✓,✓,✓,✓,✓,✓,✓,✓,✓,✓,✓,✓,✓,✓,✓
清水町大字山室,11,29,✓,✓,✓,✓,✓,✓,✓,✓,✓,✓,✗,✗,✗,✗,✗,✗,✗,✗,✗,✗,✗,✗,✗,✗,✗,✗,✗,✗,✓
清水町大字打越,29,29,✓,✓,✓,✓,✓,✓,✓,✓,✓,✓,✓,✓,✓,✓,✓,✓,✓,✓,✓,✓,✓,✓,✓,✓,✓,✓,✓,✓,✓
清水町大字新地,15,29,✓,✓,✓,✓,✓,✓,✓,✓,✓,✓,✓,✓,✓,✓,✗,✗,✗,✗,✗,✗,✗,✗,✗,✗,✗,✗,✗,✗,✓
清水町大字松崎,29,29,✓,✓,✓,✓,✓,✓,✓,✓,✓,✓,✓,✓,✓,✓,✓,✓,✓,✓,✓,✓,✓,✓,✓,✓,✓,✓,✓,✓,✓
清水町大字楡木,15,29,✓,✓,✓,✓,✓,✓,✓,✓,✓,✓,✓,✓,✓,✓,✗,✗,✗,✗,✗,✗,✗,✗,✗,✗,✗,✗,✗,✗,✓
清水町大字高平,11,29,✓,✓,✓,✓,✓,✓,✓,✓,✓,✓,✗,✗,✗,✗,✗,✗,✗,✗,✗,✗,✗,✗,✗,✗,✗,✗,✗,✗,✓
清水町大字麻生田,11,29,✓,✓,✓,✓,✓,✓,✓,✓,✓,✓,✗,✗,✗,✗,✗,✗,✗,✗,✗,✗,✗,✗,✗,✗,✗,✗,✗,✗,✓
琴平本町,29,29,✓,✓,✓,✓,✓,✓,✓,✓,✓,✓,✓,✓,✓,✓,✓,✓,✓,✓,✓,✓,✓,✓,✓,✓,✓,✓,✓,✓,✓
田崎本町,29,29,✓,✓,✓,✓,✓,✓,✓,✓,✓,✓,✓,✓,✓,✓,✓,✓,✓,✓,✓,✓,✓,✓,✓,✓,✓,✓,✓,✓,✓
田崎町,29,29,✓,✓,✓,✓,✓,✓,✓,✓,✓,✓,✓,✓,✓,✓,✓,✓,✓,✓,✓,✓,✓,✓,✓,✓,✓,✓,✓,✓,✓
田迎町大字出仲間,15,29,✓,✓,✓,✓,✓,✓,✓,✓,✓,✓,✓,✓,✓,✓,✗,✗,✗,✗,✗,✗,✗,✗,✗,✗,✗,✗,✗,✗,✓
田迎町大字田井島,29,29,✓,✓,✓,✓,✓,✓,✓,✓,✓,✓,✓,✓,✓,✓,✓,✓,✓,✓,✓,✓,✓,✓,✓,✓,✓,✓,✓,✓,✓
田迎町大字田迎,9,29,✓,✓,✓,✓,✓,✓,✓,✓,✗,✗,✗,✗,✗,✗,✗,✗,✗,✗,✗,✗,✗,✗,✗,✗,✗,✗,✗,✗,✓
田迎町大字良町,29,29,✓,✓,✓,✓,✓,✓,✓,✓,✓,✓,✓,✓,✓,✓,✓,✓,✓,✓,✓,✓,✓,✓,✓,✓,✓,✓,✓,✓,✓
画図町大字上無田,29,29,✓,✓,✓,✓,✓,✓,✓,✓,✓,✓,✓,✓,✓,✓,✓,✓,✓,✓,✓,✓,✓,✓,✓,✓,✓,✓,✓,✓,✓
画図町大字下江津,29,29,✓,✓,✓,✓,✓,✓,✓,✓,✓,✓,✓,✓,✓,✓,✓,✓,✓,✓,✓,✓,✓,✓,✓,✓,✓,✓,✓,✓,✓
画図町大字下無田,29,29,✓,✓,✓,✓,✓,✓,✓,✓,✓,✓,✓,✓,✓,✓,✓,✓,✓,✓,✓,✓,✓,✓,✓,✓,✓,✓,✓,✓,✓
画図町大字所島,29,29,✓,✓,✓,✓,✓,✓,✓,✓,✓,✓,✓,✓,✓,✓,✓,✓,✓,✓,✓,✓,✓,✓,✓,✓,✓,✓,✓,✓,✓
画図町大字重富,29,29,✓,✓,✓,✓,✓,✓,✓,✓,✓,✓,✓,✓,✓,✓,✓,✓,✓,✓,✓,✓,✓,✓,✓,✓,✓,✓,✓,✓,✓
白石町,29,29,✓,✓,✓,✓,✓,✓,✓,✓,✓,✓,✓,✓,✓,✓,✓,✓,✓,✓,✓,✓,✓,✓,✓,✓,✓,✓,✓,✓,✓
白藤町,15,29,✓,✓,✓,✓,✓,✓,✓,✓,✓,✓,✓,✓,✓,✓,✗,✗,✗,✗,✗,✗,✗,✗,✗,✗,✗,✗,✗,✗,✓
石原町,29,29,✓,✓,✓,✓,✓,✓,✓,✓,✓,✓,✓,✓,✓,✓,✓,✓,✓,✓,✓,✓,✓,✓,✓,✓,✓,✓,✓,✓,✓
砂原町,29,29,✓,✓,✓,✓,✓,✓,✓,✓,✓,✓,✓,✓,✓,✓,✓,✓,✓,✓,✓,✓,✓,✓,✓,✓,✓,✓,✓,✓,✓
硯川町,29,29,✓,✓,✓,✓,✓,✓,✓,✓,✓,✓,✓,✓,✓,✓,✓,✓,✓,✓,✓,✓,✓,✓,✓,✓,✓,✓,✓,✓,✓
神水本町,16,29,✓,✓,✓,✓,✓,✓,✓,✓,✓,✓,✓,✓,✓,✓,✓,✗,✗,✗,✗,✗,✗,✗,✗,✗,✗,✗,✗,✗,✓
神水本町（中央区）,14,29,✗,✗,✗,✗,✗,✗,✗,✗,✗,✗,✗,✗,✗,✗,✗,✓,✓,✓,✓,✓,✓,✓,✓,✓,✓,✓,✓,✓,✓
神水本町（東区）,14,29,✗,✗,✗,✗,✗,✗,✗,✗,✗,✗,✗,✗,✗,✗,✗,✓,✓,✓,✓,✓,✓,✓,✓,✓,✓,✓,✓,✓,✓
秋津新町,29,29,✓,✓,✓,✓,✓,✓,✓,✓,✓,✓,✓,✓,✓,✓,✓,✓,✓,✓,✓,✓,✓,✓,✓,✓,✓,✓,✓,✓,✓
秋津町沼山津,29,29,✓,✓,✓,✓,✓,✓,✓,✓,✓,✓,✓,✓,✓,✓,✓,✓,✓,✓,✓,✓,✓,✓,✓,✓,✓,✓,✓,✓,✓
秋津町秋田,29,29,✓,✓,✓,✓,✓,✓,✓,✓,✓,✓,✓,✓,✓,✓,✓,✓,✓,✓,✓,✓,✓,✓,✓,✓,✓,✓,✓,✓,✓
稗田町,29,29,✓,✓,✓,✓,✓,✓,✓,✓,✓,✓,✓,✓,✓,✓,✓,✓,✓,✓,✓,✓,✓,✓,✓,✓,✓,✓,✓,✓,✓
立福寺町,29,29,✓,✓,✓,✓,✓,✓,✓,✓,✓,✓,✓,✓,✓,✓,✓,✓,✓,✓,✓,✓,✓,✓,✓,✓,✓,✓,✓,✓,✓
紺屋今町,29,29,✓,✓,✓,✓,✓,✓,✓,✓,✓,✓,✓,✓,✓,✓,✓,✓,✓,✓,✓,✓,✓,✓,✓,✓,✓,✓,✓,✓,✓
紺屋阿弥陀寺町,29,29,✓,✓,✓,✓,✓,✓,✓,✓,✓,✓,✓,✓,✓,✓,✓,✓,✓,✓,✓,✓,✓,✓,✓,✓,✓,✓,✓,✓,✓
総数,22955,29,✓,✓,✓,✓,✓,✓,✓,✓,✓,✓,✓,✓,✓,✓,✓,✓,✓,✓,✓,✓,✓,✓,✓,✓,✓,✓,✓,✓,✓
練兵町,29,29,✓,✓,✓,✓,✓,✓,✓,✓,✓,✓,✓,✓,✓,✓,✓,✓,✓,✓,✓,✓,✓,✓,✓,✓,✓,✓,✓,✓,✓
美登里町,29,29,✓,✓,✓,✓,✓,✓,✓,✓,✓,✓,✓,✓,✓,✓,✓,✓,✓,✓,✓,✓,✓,✓,✓,✓,✓,✓,✓,✓,✓
花畑町,29,29,✓,✓,✓,✓,✓,✓,✓,✓,✓,✓,✓,✓,✓,✓,✓,✓,✓,✓,✓,✓,✓,✓,✓,✓,✓,✓,✓,✓,✓
草葉町,29,29,✓,✓,✓,✓,✓,✓,✓,✓,✓,✓,✓,✓,✓,✓,✓,✓,✓,✓,✓,✓,✓,✓,✓,✓,✓,✓,✓,✓,✓
荒尾町,29,29,✓,✓,✓,✓,✓,✓,✓,✓,✓,✓,✓,✓,✓,✓,✓,✓,✓,✓,✓,✓,✓,✓,✓,✓,✓,✓,✓,✓,✓
菅原町,29,29,✓,✓,✓,✓,✓,✓,✓,✓,✓,✓,✓,✓,✓,✓,✓,✓,✓,✓,✓,✓,✓,✓,✓,✓,✓,✓,✓,✓,✓
萩原町,29,29,✓,✓,✓,✓,✓,✓,✓,✓,✓,✓,✓,✓,✓,✓,✓,✓,✓,✓,✓,✓,✓,✓,✓,✓,✓,✓,✓,✓,✓
蓮台寺町,13,29,✓,✓,✓,✓,✓,✓,✓,✓,✓,✓,✓,✓,✗,✗,✗,✗,✗,✗,✗,✗,✗,✗,✗,✗,✗,✗,✗,✗,✓
薄場町,29,29,✓,✓,✓,✓,✓,✓,✓,✓,✓,✓,✓,✓,✓,✓,✓,✓,✓,✓,✓,✓,✓,✓,✓,✓,✓,✓,✓,✓,✓
薬園町,29,29,✓,✓,✓,✓,✓,✓,✓,✓,✓,✓,✓,✓,✓,✓,✓,✓,✓,✓,✓,✓,✓,✓,✓,✓,✓,✓,✓,✓,✓
西子飼町,29,29,✓,✓,✓,✓,✓,✓,✓,✓,✓,✓,✓,✓,✓,✓,✓,✓,✓,✓,✓,✓,✓,✓,✓,✓,✓,✓,✓,✓,✓
西松尾町,12,29,✗,✗,✗,✗,✗,✗,✗,✗,✗,✗,✗,✗,✗,✗,✗,✗,✗,✓,✓,✓,✓,✓,✓,✓,✓,✓,✓,✓,✓
西梶尾町,29,29,✓,✓,✓,✓,✓,✓,✓,✓,✓,✓,✓,✓,✓,✓,✓,✓,✓,✓,✓,✓,✓,✓,✓,✓,✓,✓,✓,✓,✓
西阿弥陀寺町,29,29,✓,✓,✓,✓,✓,✓,✓,✓,✓,✓,✓,✓,✓,✓,✓,✓,✓,✓,✓,✓,✓,✓,✓,✓,✓,✓,✓,✓,✓
護藤町,29,29,✓,✓,✓,✓,✓,✓,✓,✓,✓,✓,✓,✓,✓,✓,✓,✓,✓,✓,✓,✓,✓,✓,✓,✓,✓,✓,✓,✓,✓
谷尾崎町,29,29,✓,✓,✓,✓,✓,✓,✓,✓,✓,✓,✓,✓,✓,✓,✓,✓,✓,✓,✓,✓,✓,✓,✓,✓,✓,✓,✓,✓,✓
貢町,29,29,✓,✓,✓,✓,✓,✓,✓,✓,✓,✓,✓,✓,✓,✓,✓,✓,✓,✓,✓,✓,✓,✓,✓,✓,✓,✓,✓,✓,✓
辛島町,29,29,✓,✓,✓,✓,✓,✓,✓,✓,✓,✓,✓,✓,✓,✓,✓,✓,✓,✓,✓,✓,✓,✓,✓,✓,✓,✓,✓,✓,✓
近見町,29,29,✓,✓,✓,✓,✓,✓,✓,✓,✓,✓,✓,✓,✓,✓,✓,✓,✓,✓,✓,✓,✓,✓,✓,✓,✓,✓,✓,✓,✓
通町,29,29,✓,✓,✓,✓,✓,✓,✓,✓,✓,✓,✓,✓,✓,✓,✓,✓,✓,✓,✓,✓,✓,✓,✓,✓,✓,✓,✓,✓,✓
野田町,14,29,✓,✓,✓,✓,✓,✓,✓,✓,✓,✓,✓,✓,✓,✗,✗,✗,✗,✗,✗,✗,✗,✗,✗,✗,✗,✗,✗,✗,✓
釜尾町,29,29,✓,✓,✓,✓,✓,✓,✓,✓,✓,✓,✓,✓,✓,✓,✓,✓,✓,✓,✓,✓,✓,✓,✓,✓,✓,✓,✓,✓,✓
銭塘町,29,29,✓,✓,✓,✓,✓,✓,✓,✓,✓,✓,✓,✓,✓,✓,✓,✓,✓,✓,✓,✓,✓,✓,✓,✓,✓,✓,✓,✓,✓
錦ケ丘,29,29,✓,✓,✓,✓,✓,✓,✓,✓,✓,✓,✓,✓,✓,✓,✓,✓,✓,✓,✓,✓,✓,✓,✓,✓,✓,✓,✓,✓,✓
鍛冶屋町,29,29,✓,✓,✓,✓,✓,✓,✓,✓,✓,✓,✓,✓,✓,✓,✓,✓,✓,✓,✓,✓,✓,✓,✓,✓,✓,✓,✓,✓,✓
長嶺町,15,29,✓,✓,✓,✓,✓,✓,✓,✓,✓,✓,✓,✓,✓,✓,✗,✗,✗,✗,✗,✗,✗,✗,✗,✗,✗,✗,✗,✗,✓
飛田町,29,29,✓,✓,✓,✓,✓,✓,✓,✓,✓,✓,✓,✓,✓,✓,✓,✓,✓,✓,✓,✓,✓,✓,✓,✓,✓,✓,✓,✓,✓
高橋町,15,29,✓,✓,✓,✓,✓,✓,✓,✓,✓,✓,✓,✓,✓,✓,✗,✗,✗,✗,✗,✗,✗,✗,✗,✗,✗,✗,✗,✗,✓
高江町,15,29,✓,✓,✓,✓,✓,✓,✓,✓,✓,✓,✓,✓,✓,✓,✗,✗,✗,✗,✗,✗,✗,✗,✗,✗,✗,✗,✗,✗,✓
鳶町,5,29,✓,✓,✓,✓,✗,✗,✗,✗,✗,✗,✗,✗,✗,✗,✗,✗,✗,✗,✗,✗,✗,✗,✗,✗,✗,✗,✗,✗,✓
鶴羽田町,29,29,✓,✓,✓,✓,✓,✓,✓,✓,✓,✓,✓,✓,✓,✓,✓,✓,✓,✓,✓,✓,✓,✓,✓,✓,✓,✓,✓,✓,✓
鹿子木町,29,29,✓,✓,✓,✓,✓,✓,✓,✓,✓,✓,✓,✓,✓,✓,✓,✓,✓,✓,✓,✓,✓,✓,✓,✓,✓,✓,✓,✓,✓
鹿帰瀬町,29,29,✓,✓,✓,✓,✓,✓,✓,✓,✓,✓,✓,✓,✓,✓,✓,✓,✓,✓,✓,✓,✓,✓,✓,✓,✓,✓,✓,✓,✓
黒髪町大字坪井,29,29,✓,✓,✓,✓,✓,✓,✓,✓,✓,✓,✓,✓,✓,✓,✓,✓,✓,✓,✓,✓,✓,✓,✓,✓,✓,✓,✓,✓,✓
龍田町上立田,15,29,✓,✓,✓,✓,✓,✓,✓,✓,✓,✓,✓,✓,✓,✓,✗,✗,✗,✗,✗,✗,✗,✗,✗,✗,✗,✗,✗,✗,✓
龍田町弓削,29,29,✓,✓,✓,✓,✓,✓,✓,✓,✓,✓,✓,✓,✓,✓,✓,✓,✓,✓,✓,✓,✓,✓,✓,✓,✓,✓,✓,✓,✓
龍田町陳内,15,29,✓,✓,✓,✓,✓,✓,✓,✓,✓,✓,✓,✓,✓,✓,✗,✗,✗,✗,✗,✗,✗,✗,✗,✗,✗,✗,✗,✗,✓
